1645	Moonberry Juice
7187	VanCleef's Boots
13000	Staff of Hale Magefire
13001	Maiden's Circle
13002	Lady Alizabeth's Pendant
13003	Lord Alexander's Battle Axe
13004	Torch of Austen
13006	Mass of McGowan
13007	Mageflame Cloak
13008	Dalewind Trousers
13009	Cow King's Hide
13013	Elder Wizard's Mantle
13015	Serathil
13018	Executioner's Cleaver
13021	Needle Threader
13023	Eaglehorn Long Bow
13028	Bludstone Hammer
13029	Umbral Crystal
13030	Basilisk Bone
13036	Assassination Blade
13040	Heartseeking Crossbow
13047	Twig of the World Tree
13053	Doombringer
13059	Stoneraven
13060	The Needler
13066	Wyrmslayer Spaulders
13067	Hydralick Armor
13070	Sapphiron's Scale Boots
13072	Stonegrip Gauntlets
13075	Direwing Legguards
13083	Garrett Family Crest
13085	Horizon Choker
13091	Medallion of Grand Marshal Morris
13096	Band of the Hierophant
13098	Painweaver Band
13101	Wolfrunner Shoes
13107	Magiskull Cuffs
13111	Sandals of the Insurgent
13113	Feathermoon Headdress
13114	Troll's Bane Leggings
13116	Spaulders of the Unseen
13118	Serpentine Sash
13120	Deepfury Bracers
13122	Dark Phantom Cape
13123	Dreamwalker Armor
13125	Elven Chain Boots
13126	Battlecaller Gauntlets
13130	Windrunner Legguards
13133	Drakesfire Epaulets
13134	Belt of the Gladiator
13135	Lordly Armguards
13139	Guttbuster
13141	Tooth of Gnarr
13142	Brigam Girdle
13143	Mark of the Dragon Lord
13144	Serenity Belt
13146	Shell Launcher Shotgun
13148	Chillpike
13161	Trindlehaven Staff
13162	Reiver Claws
13163	Relentless Scythe
13164	Heart of the Scale
13166	Slamshot Shoulders
13167	Fist of Omokk
13168	Plate of the Shaman King
13169	Tressermane Leggings
13170	Skyshroud Leggings
13173	Flightblade Throwing Axe
13177	Talisman of Evasion
13178	Rosewine Circle
13179	Brazecore Armguards
13181	Demonskin Gloves
13182	Phase Blade
13183	Venomspitter
13184	Fallbrush Handgrips
13185	Sunderseer Mantle
13198	Hurd Smasher
13203	Armswake Cloak
13204	Bashguuder
13205	Rhombeard Protector
13206	Wolfshear Leggings
13208	Bleak Howler Armguards
13210	Pads of the Dread Wolf
13211	Slashclaw Bracers
13212	Halycon's Spiked Collar
13218	Fang of the Crystal Spider
13244	Gilded Gauntlets
13247	Quartermaster Zigris' Footlocker
13252	Cloudrunner Girdle
13253	Hands of Power
13255	Trueaim Gauntlets
13257	Demonic Runed Spaulders
13258	Slaghide Gauntlets
13259	Ribsteel Footguards
13261	Globe of D'sak
13282	Ogreseer Tower Boots
13283	Magus Ring
13284	Swiftdart Battleboots
13285	The Blackrock Slicer
13286	Rivenspike
13303	Crusaders' Square Postbox Key
13304	Festival Lane Postbox Key
13305	Elders' Square Postbox Key
13306	King's Square Postbox Key
13314	Alanna's Embrace
13335	Deathcharger's Reins
13340	Cape of the Black Baron
13344	Dracorian Gauntlets
13345	Seal of Rivendare
13346	Robes of the Exalted
13348	Demonshear
13349	Scepter of the Unholy
13353	Book of the Dead
13358	Wyrmtongue Shoulders
13359	Crown of Tyranny
13360	Gift of the Elven Magi
13361	Skullforge Reaver
13362	Letter from the Front
13364	Ezra Grimm's Advertisement
13368	Bonescraper
13369	Fire Striders
13371	Father Flame
13372	Slavedriver's Cane
13373	Band of Flesh
13374	Soulstealer Mantle
13375	Crest of Retribution
13377	Miniature Cannon Balls
13378	Songbird Blouse
13379	Piccolo of the Flaming Fire
13380	Willey's Portable Howitzer
13381	Master Cannoneer Boots
13382	Cannonball Runner
13383	Woollies of the Prancing Minstrel
13384	Rainbow Girdle
13385	Tome of Knowledge
13386	Archivist Cape of Frozen Wrath
13387	Foresight Girdle of the Owl
13389	The Postmaster's Trousers
13391	The Postmaster's Treads
13392	The Postmaster's Seal
13394	Skul's Cold Embrace
13395	Skul's Fingerbone Claws
13396	Skul's Ghastly Touch
13397	Stoneskin Gargoyle Cape
13398	Boots of the Shrieker
13399	Gargoyle Shredder Talons
13401	The Cruel Hand of Timmy
13404	Mask of the Unforgiven
13405	Wailing Nightbane Pauldrons
13408	Soul Breaker
13409	Tearfall Bracers
13498	Handcrafted Mastersmith Leggings
13502	Handcrafted Mastersmith Girdle
13505	Runeblade of Baron Rivendare
13509	Clutch of Foresight
13514	Wail of the Banshee
13515	Ramstein's Lightning Bolts
13518	Recipe: Flask of Petrification
13519	Recipe: Flask of the Titans
13520	Recipe: Flask of Distilled Wisdom
13521	Recipe: Flask of Supreme Power
13522	Recipe: Flask of Chromatic Resistance
13524	Skull of Burning Shadows
13525	Darkbind Fingers
13526	Flamescarred Girdle
13527	Lavawalker Greaves
13528	Twilight Void Bracers
13529	Husk of Nerub'enkan
13530	Fangdrip Runners
13531	Crypt Stalker Leggings
13532	Darkspinner Claws
13533	Acid-etched Pauldrons
13534	Banshee Finger
13535	Coldtouch Phantom Wraps
13537	Chillhide Bracers
13538	Windshrieker Pauldrons
13539	Banshee's Touch
13816	Fine Longsword
13817	Tapered Greatsword
13818	Jagged Axe
13819	Balanced War Axe
13820	Clout Mace
13821	Bulky Maul
13822	Spiked Dagger
13823	Stout War Staff
13824	Recurve Long Bow
13825	Primed Musket
13856	Runecloth Belt
13865	Runecloth Pants
13866	Runecloth Headband
13869	Frostweave Tunic
13873	Viewing Room Key
13937	Headmaster's Charge
13938	Bonecreeper Stylus
13950	Detention Strap
13951	Vigorsteel Vambraces
13953	Silent Fang
13954	Verdant Footpads
13955	Stoneform Shoulders
13956	Clutch of Andros
13957	Gargoyle Slashers
13960	Heart of the Fiend
13964	Witchblade
13967	Windreaver Greaves
13969	Loomguard Armbraces
13983	Gravestone War Axe
14024	Frightalon
14044	Cindercloth Cloak
14111	Felcloth Hood
14128	Wizardweave Robe
14130	Wizardweave Turban
14136	Robe of Winter Night
14137	Mooncloth Leggings
14144	Ghostweave Pants
14145	Cursed Felblade
14148	Crystalline Cuffs
14149	Subterranean Cape
14154	Truefaith Vestments
14155	Mooncloth Bag
14166	Buccaneer's Bracers of Healing
14236	Embersilk Boots of the Eagle
14313	Celestial Cape of the Owl
14328	Eternal Chestguard of the Owl
14330	Eternal Bindings of the Whale
14331	Eternal Cloak of the Owl
14332	Eternal Crown of the Owl
14334	Eternal Sarong of Healing
14335	Eternal Spaulders of the Owl
14336	Eternal Wraps of Intellect
14337	Eternal Cord of Fiery Wrath
14340	Freezing Lich Robes
14438	Venomshroud Boots
14452	Highborne Pauldrons
14465	Elunarian Belt
14466	Pattern: Frostweave Tunic
14467	Pattern: Frostweave Robe
14468	Pattern: Runecloth Bag
14470	Pattern: Runecloth Tunic
14471	Pattern: Cindercloth Vest
14474	Pattern: Frostweave Gloves
14477	Pattern: Ghostweave Gloves
14478	Pattern: Brightcloth Robe
14479	Pattern: Brightcloth Gloves
14481	Pattern: Runecloth Gloves
14482	Pattern: Cindercloth Cloak
14483	Pattern: Felcloth Pants
14484	Pattern: Brightcloth Cloak
14485	Pattern: Wizardweave Leggings
14487	Bonechill Hammer
14489	Pattern: Frostweave Pants
14490	Pattern: Cindercloth Pants
14491	Pattern: Runecloth Pants
14492	Pattern: Felcloth Boots
14494	Pattern: Brightcloth Pants
14495	Pattern: Ghostweave Pants
14496	Pattern: Felcloth Hood
14498	Pattern: Runecloth Headband
14499	Pattern: Mooncloth Bag
14500	Pattern: Wizardweave Robe
14502	Frostbite Girdle
14504	Pattern: Runecloth Shoulders
14505	Pattern: Wizardweave Turban
14506	Pattern: Felcloth Robe
14507	Pattern: Mooncloth Shoulders
14508	Pattern: Felcloth Shoulders
14510	Pattern: Bottomless Bag
14511	Pattern: Gloves of Spell Mastery
14512	Pattern: Truefaith Vestments
14513	Pattern: Robe of the Archmage
14514	Pattern: Robe of the Void
14525	Boneclenched Gauntlets
14526	Pattern: Mooncloth
14537	Corpselight Greaves
14538	Deadwalker Mantle
14548	Royal Cap Spaulders
14551	Edgemaster's Handguards
14553	Sash of Mercy
14576	Ebon Hilt of Marduk
14577	Skullsmoke Pants
14617	Sawbones Shirt
14635	Pattern: Gem-studded Leather Belt
14636	Cadaverous Belt
14637	Cadaverous Armor
14638	Cadaverous Leggings
14640	Cadaverous Gloves
14641	Cadaverous Walkers
14664	Keeper's Armor
14672	Pridelord Bands
14809	Warstrike Sabatons
14931	Heroic Armor of the Monkey
14966	Glorious Breastplate of the Bear
14969	Glorious Headdress of the Bear
14975	Exalted Harness of the Bear
14976	Exalted Gauntlets of Power
14978	Exalted Sabatons of Frost Resistance
14979	Exalted Helmet of the Bear
14980	Exalted Legplates of the Boar
14981	Exalted Epaulets of the Bear
14982	Exalted Shield of the Monkey
14983	Exalted Armsplints of the Bear
15050	Black Dragonscale Breastplate
15057	Stormshroud Pants
15077	Heavy Scorpid Bracers
15082	Heavy Scorpid Belt
15197	Scout's Tabard
15199	Stone Guard's Herald
15213	Mercenary Blade of the Monkey
15214	Nobles Brand of the Tiger
15216	Rune Sword of Strength
15218	Crystal Sword of the Monkey
15219	Dimensional Blade of Strength
15221	Holy War Sword of the Bear
15225	Sequoia Hammer of the Monkey
15226	Giant Club of Stamina
15228	Smashing Star of the Tiger
15229	Blesswind Hammer of Power
15236	Moon Cleaver of the Boar
15237	Corpse Harvester of the Tiger
15239	Felstone Reaver of the Bear
15240	Demon's Claw of the Whale
15246	Demon Blade of the Bear
15247	Bloodstrike Dagger of Shadow Wrath
15254	Dark Espadon of the Tiger
15255	Gallant Flamberge of the Eagle
15256	Massacre Sword of the Whale
15257	Shin Blade of the Boar
15258	Divine Warblade of Power
15259	Hefty Battlehammer of Stamina
15260	Stone Hammer of the Boar
15263	Royal Mallet of Strength
15264	Backbreaker of the Monkey
15266	Fierce Mauler of the Monkey
15267	Brutehammer of the Eagle
15271	Colossal Great Axe of the Monkey
15272	Razor Axe of Power
15273	Death Striker of the Eagle
15275	Thaumaturgist Staff of the Eagle
15276	Magus Long Staff of Fiery Wrath
15278	Solstice Staff of the Boar
15279	Ivory Wand of the Whale
15280	Wizard's Hand of Fiery Wrath
15281	Glowstar Rod of Stamina
15282	Dragon Finger of the Falcon
15283	Lunar Wand of the Gorilla
15285	Archer's Longbow
15288	Blasthorn Bow of Marksmanship
15289	Archstrike Bow of Spirit
15291	Harpy Needler of the Monkey
15294	Siege Bow of the Wolf
15322	Smoothbore Gun
15323	Percussion Shotgun of the Falcon
15324	Burnside Rifle of the Wolf
15325	Sharpshooter Harquebus of the Falcon
15340	Pathfinder Cloak of Agility
15391	Jadefire Cap of the Owl
15394	Jadefire Pants of the Eagle
15428	Peerless Belt of the Falcon
15429	Peerless Gloves of the Whale
15434	Supreme Sash of the Falcon
15435	Supreme Shoes of the Bear
15437	Supreme Cape of the Monkey
15439	Supreme Crown of the Owl
15440	Supreme Leggings of Power
15441	Supreme Shoulders of the Owl
15442	Supreme Breastplate of Agility
15513	Grunt's Pauldrons of the Tiger
15617	Bonelink Epaulets of Defense
15644	Ironhide Gauntlets of the Falcon
15666	Impenetrable Pauldrons of the Falcon
15677	Magnificent Shoulders of the Falcon
15679	Triumphant Bracers of the Whale
15680	Triumphant Chestpiece of Power
15681	Triumphant Cloak of the Whale
15683	Triumphant Girdle of the Whale
15686	Triumphant Shoulder Pads of the Falcon
15724	Pattern: Heavy Scorpid Bracers
15725	Pattern: Wicked Leather Gauntlets
15729	Pattern: Chimeric Gloves
15730	Pattern: Red Dragonscale Breastplate
15731	Pattern: Runic Leather Gauntlets
15732	Pattern: Volcanic Leggings
15734	Pattern: Living Shoulders
15737	Pattern: Chimeric Boots
15740	Pattern: Frostsaber Boots
15741	Pattern: Stormshroud Pants
15742	Pattern: Warbear Harness
15743	Pattern: Heavy Scorpid Belt
15744	Pattern: Wicked Leather Headband
15745	Pattern: Runic Leather Belt
15746	Pattern: Chimeric Leggings
15747	Pattern: Frostsaber Leggings
15748	Pattern: Heavy Scorpid Leggings
15752	Pattern: Living Leggings
15753	Pattern: Stormshroud Armor
15755	Pattern: Chimeric Vest
15757	Pattern: Wicked Leather Pants
15758	Pattern: Devilsaur Gauntlets
15759	Pattern: Black Dragonscale Breastplate
15760	Pattern: Ironfeather Breastplate
15761	Pattern: Frostsaber Gloves
15764	Pattern: Stormshroud Shoulders
15765	Pattern: Runic Leather Pants
15768	Pattern: Wicked Leather Belt
15770	Pattern: Black Dragonscale Shoulders
15771	Pattern: Living Breastplate
15773	Pattern: Wicked Leather Armor
15774	Pattern: Heavy Scorpid Shoulders
15776	Pattern: Runic Leather Armor
15779	Pattern: Frostsaber Tunic
15846	Salt Shaker
15930	Imperial Red Scepter
15936	Duskwoven Branch of the Eagle
15938	Mystical Orb of Healing
15939	Councillor's Scepter of the Eagle
15940	Elegant Scepter of the Wolf
16044	Schematic: Lifelike Mechanical Toad
16050	Schematic: Delicate Arcanite Converter
16072	Expert Cookbook
16206	Arcanite Rod
16207	Runed Arcanite Rod
16215	Formula: Enchant Boots - Greater Stamina
16218	Formula: Enchant Bracer - Superior Spirit
16220	Formula: Enchant Boots - Spirit
16221	Formula: Enchant Chest - Major Health
16243	Formula: Runed Arcanite Rod
16244	Formula: Enchant Gloves - Greater Strength
16245	Formula: Enchant Boots - Greater Agility
16246	Formula: Enchant Bracer - Superior Strength
16249	Formula: Enchant 2H Weapon - Major Intellect
16251	Formula: Enchant Bracer - Superior Stamina
16252	Formula: Enchant Weapon - Crusader
16253	Formula: Enchant Chest - Greater Stats
16255	Formula: Enchant 2H Weapon - Major Spirit
16665	Tome of Tranquilizing Shot
16979	Flarecore Gloves
16980	Flarecore Mantle
16982	Corehound Boots
16984	Black Dragonscale Boots
16989	Fiery Chain Girdle
17007	Stonerender Gauntlets
17015	Dark Iron Reaver
17017	Pattern: Flarecore Mantle
17018	Pattern: Flarecore Gloves
17022	Pattern: Corehound Boots
17023	Pattern: Molten Helm
17025	Pattern: Black Dragonscale Boots
17049	Plans: Fiery Chain Girdle
17051	Plans: Dark Iron Bracers
17052	Plans: Dark Iron Leggings
17053	Plans: Fiery Chain Shoulders
17056	Light Feather
17059	Plans: Dark Iron Reaver
17060	Plans: Dark Iron Destroyer
17068	Deathbringer
17070	Fang of the Mystics
17075	Vis'kag the Bloodletter
17078	Sapphiron Drape
17111	Blazefury Medallion
17112	Empyrean Demolisher
17113	Amberseal Keeper
17333	Aqual Quintessence
17413	Codex: Prayer of Fortitude
17414	Codex: Prayer of Fortitude II
17682	Book: Gift of the Wild
17683	Book: Gift of the Wild II
17713	Blackstone Ring
17714	Bracers of the Stone Princess
17739	Grovekeeper's Drape
17744	Heart of Noxxion
17752	Satyr's Lash
17782	Talisman of Binding Shard
17962	Blue Sack of Gems
17963	Green Sack of Gems
17964	Gray Sack of Gems
17965	Yellow Sack of Gems
17966	Onyxia Hide Backpack
17969	Red Sack of Gems
18043	Coal Miner Boots
18044	Hurley's Tankard
18047	Flame Walkers
18048	Mastersmith's Hammer
18102	Dragonrider Boots
18103	Band of Rumination
18104	Feralsurge Girdle
18204	Eskhandar's Pelt
18222	Thorny Vine
18223	Serrated Petal
18224	Lasher Root
18231	Sleeveless T-Shirt
18236	Gordok Chew Toy
18239	Pattern: Shadowskin Gloves
18245	Horn of the Black War Wolf
18246	Whistle of the Black War Raptor
18247	Black War Kodo
18249	Crescent Key
18251	Core Armor Kit
18252	Pattern: Core Armor Kit
18254	Runn Tum Tuber Surprise
18259	Formula: Enchant Weapon - Spell Power
18260	Formula: Enchant Weapon - Healing Power
18262	Elemental Sharpening Stone
18263	Flarecore Wraps
18265	Pattern: Flarecore Wraps
18267	Recipe: Runn Tum Tuber Surprise
18268	Gordok Inner Door Key
18285	Crystallized Mana Shard
18286	Condensed Mana Fragment
18289	Barbed Thorn Necklace
18297	Thornling Seed
18301	Lethtendris's Wand
18302	Band of Vigor
18306	Gloves of Shadowy Mist
18308	Clever Hat
18309	Gloves of Restoration
18310	Fiendish Machete
18311	Quel'dorai Channeling Rod
18312	Energized Chestplate
18313	Helm of Awareness
18314	Ring of Demonic Guile
18315	Ring of Demonic Potency
18317	Tempest Talisman
18318	Merciful Greaves
18319	Fervent Helm
18321	Energetic Rod
18322	Waterspout Boots
18323	Satyr's Bow
18325	Felhide Cap
18326	Razor Gauntlets
18327	Whipvine Cord
18328	Shadewood Cloak
18338	Wand of Arcane Potency
18349	Gauntlets of Accuracy
18350	Amplifying Cloak
18351	Magically Sealed Bracers
18352	Petrified Bark Shield
18353	Stoneflower Staff
18354	Pimgib's Collar
18371	Mindtap Talisman
18372	Blade of the New Moon
18373	Chestplate of Tranquility
18374	Flamescarred Shoulders
18376	Timeworn Mace
18379	Odious Greaves
18381	Evil Eye Pendant
18382	Fluctuating Cloak of Shadow Resistance
18383	Force Imbued Gauntlets
18386	Padre's Trousers
18388	Stoneshatter
18389	Cloak of the Cosmos
18390	Tanglemoss Leggings
18391	Eyestalk Cord
18392	Distracting Dagger
18393	Warpwood Binding
18394	Demon Howl Wristguards
18395	Emerald Flame Ring
18396	Mind Carver
18397	Elder Magus Pendant
18415	Pattern: Felcloth Gloves
18432	First Sergeant's Mail Wristguards
18450	Robe of Combustion
18451	Hyena Hide Belt
18458	Modest Armguards
18459	Gallant's Wristguards
18460	Unsophisticated Hand Cannon
18461	Sergeant's Cloak
18462	Jagged Bone Fist
18463	Ogre Pocket Knife
18464	Gordok Nose Ring
18478	Hyena Hide Jerkin
18493	Bulky Iron Spaulders
18494	Denwatcher's Shoulders
18495	Redoubt Cloak
18496	Heliotrope Cloak
18497	Sublime Wristguards
18498	Hedgecutter
18510	Hide of the Wild
18518	Pattern: Hide of the Wild
18521	Grimy Metal Boots
18522	Band of the Ogre King
18527	Harmonious Gauntlets
18529	Elemental Plate Girdle of Frost Resistance
18541	Puissant Cape
18543	Ring of Entropy
18544	Doomhide Gauntlets
18545	Leggings of Arcane Supremacy
18546	Infernal Headcage
18547	Unmelting Ice Girdle
18600	Tome of Arcane Brilliance
18607	Horde Battle Standard
18639	Ultra-Flash Shadow Reflector
18640	Happy Fun Rock
18653	Schematic: Goblin Jumper Cables XL
18654	Schematic: Gnomish Alarm-O-Bot
18657	Schematic: Hyper-Radiant Flame Reflector
18661	Schematic: World Enlarger
18681	Burial Shawl
18682	Ghoul Skin Leggings
18686	Bone Golem Shoulders
18689	Phantasmal Cloak
18691	Dark Advisor's Pendant
18692	Death Knight Sabatons
18694	Shadowy Mail Greaves
18696	Intricately Runed Shield
18698	Tattered Leather Hood
18716	Ash Covered Boots
18717	Hammer of the Grand Crusader
18718	Grand Crusader's Helm
18720	Shroud of the Nathrezim
18721	Barrage Girdle
18723	Animated Chain Necklace
18727	Crimson Felt Hat
18728	Anastari Heirloom
18729	Screeching Bow
18730	Shadowy Laced Handwraps
18734	Pale Moon Cloak
18735	Maleki's Footwraps
18737	Bone Slicing Hatchet
18738	Carapace Spine Crossbow
18739	Chitinous Plate Legguards
18740	Thuzadin Sash
18744	Plaguebat Fur Gloves
18745	Sacred Cloth Leggings
18755	Xorothian Firestick
18758	Specter's Blade
18759	Malicious Axe
18760	Necromantic Band
18761	Oblivion's Touch
18813	Ring of Binding
18845	Insignia of the Horde
18850	Insignia of the Horde
18852	Insignia of the Horde
18853	Insignia of the Horde
18870	Helm of the Lifegiver
18949	Pattern: Barbaric Bracers
19031	Frostwolf Battle Tabard
19046	Frostwolf Battle Standard
19051	Girdle of the Dawn
19052	Dawn Treaders
19056	Argent Boots
19058	Golden Mantle of the Dawn
19059	Argent Shoulders
19083	Frostwolf Legionnaire's Cloak
19085	Frostwolf Advisor's Cloak
19087	Frostwolf Plate Belt
19088	Frostwolf Mail Belt
19089	Frostwolf Leather Belt
19090	Frostwolf Cloth Belt
19095	Frostwolf Legionnaire's Pendant
19096	Frostwolf Advisor's Pendant
19101	Whiteout Staff
19103	Frostbite
19130	Cold Snap
19131	Snowblind Shoes
19132	Crystal Adorned Crown
19133	Fel Infused Leggings
19134	Flayed Doomguard Belt
19135	Blacklight Bracer
19148	Dark Iron Helm
19149	Lava Belt
19156	Flarecore Robe
19157	Chromatic Gauntlets
19162	Corehound Belt
19163	Molten Belt
19165	Flarecore Leggings
19166	Black Amnesty
19167	Blackfury
19168	Blackguard
19170	Ebon Hand
19183	Hourglass Sand
19203	Plans: Girdle of the Dawn
19205	Plans: Gloves of the Dawn
19206	Plans: Dark Iron Helm
19207	Plans: Dark Iron Gauntlets
19208	Plans: Black Amnesty
19209	Plans: Blackfury
19210	Plans: Ebon Hand
19211	Plans: Blackguard
19212	Plans: Nightfall
19216	Pattern: Argent Boots
19217	Pattern: Argent Shoulders
19218	Pattern: Mantle of the Timbermaw
19219	Pattern: Flarecore Robe
19220	Pattern: Flarecore Leggings
19301	Alterac Manna Biscuit
19309	Tome of Shadow Force
19310	Tome of the Ice Lord
19311	Tome of Fiery Arcana
19312	Lei of the Lifegiver
19315	Therazane's Touch
19316	Ice Threaded Arrow
19317	Ice Threaded Bullet
19318	Bottled Alterac Spring Water
19319	Harpy Hide Quiver
19320	Gnoll Skin Bandolier
19321	The Immovable Object
19324	The Lobotomizer
19325	Don Julio's Band
19328	Pattern: Dawn Treaders
19329	Pattern: Golden Mantle of the Dawn
19330	Pattern: Lava Belt
19331	Pattern: Chromatic Gauntlets
19332	Pattern: Corehound Belt
19333	Pattern: Molten Belt
19334	The Untamed Blade
19442	Formula: Powerful Anti-Venom
19444	Formula: Enchant Weapon - Strength
19446	Formula: Enchant Bracer - Mana Regeneration
19447	Formula: Enchant Bracer - Healing
19448	Formula: Enchant Weapon - Mighty Spirit
19449	Formula: Enchant Weapon - Mighty Intellect
19505	Warsong Battle Tabard
19510	Legionnaire's Band
19511	Legionnaire's Band
19513	Legionnaire's Band
19518	Advisor's Ring
19519	Advisor's Ring
19520	Advisor's Ring
19526	Battle Healer's Cloak
19527	Battle Healer's Cloak
19528	Battle Healer's Cloak
19534	Scout's Medallion
19536	Scout's Medallion
19542	Scout's Blade
19543	Scout's Blade
19550	Legionnaire's Sword
19566	Advisor's Gnarled Staff
19567	Advisor's Gnarled Staff
19569	Advisor's Gnarled Staff
19578	Berserker Bracers
19580	Berserker Bracers
19582	Windtalker's Wristguards
19583	Windtalker's Wristguards
19584	Windtalker's Wristguards
19587	Forest Stalker's Bracers
19589	Forest Stalker's Bracers
19595	Dryad's Wrist Bindings
19596	Dryad's Wrist Bindings
19597	Dryad's Wrist Bindings
19685	Primal Batskin Jerkin
19696	Harvest Bread
19697	Bounty of the Harvest
19934	Large Scorpid Claw
19937	Small Scorpid Claw
19938	Heavy Scorpid Leg
19994	Harvest Fruit
19995	Harvest Boar
19996	Harvest Fish
19997	Harvest Nectar
20015	Elder Raptor Feathers
20016	Trophy Raptor Skull
20039	Dark Iron Boots
20040	Plans: Dark Iron Boots
20068	Deathguard's Cloak
20072	Defiler's Talisman
20150	Defiler's Chain Girdle
20151	Defiler's Chain Girdle
20152	Defiler's Chain Girdle
20153	Defiler's Chain Girdle
20155	Defiler's Chain Greaves
20157	Defiler's Chain Greaves
20158	Defiler's Chain Pauldrons
20160	Defiler's Cloth Boots
20162	Defiler's Cloth Boots
20163	Defiler's Cloth Girdle
20164	Defiler's Cloth Girdle
20165	Defiler's Cloth Girdle
20166	Defiler's Cloth Girdle
20169	Defiler's Lizardhide Boots
20171	Defiler's Lizardhide Girdle
20173	Defiler's Lizardhide Girdle
20175	Defiler's Lizardhide Shoulders
20176	Defiler's Epaulets
20186	Defiler's Leather Boots
20189	Defiler's Leather Boots
20190	Defiler's Leather Girdle
20192	Defiler's Leather Girdle
20194	Defiler's Leather Shoulders
20195	Defiler's Mail Girdle
20197	Defiler's Mail Girdle
20198	Defiler's Mail Girdle
20203	Defiler's Mail Pauldrons
20204	Defiler's Plate Girdle
20205	Defiler's Plate Girdle
20207	Defiler's Plate Girdle
20212	Defiler's Plate Spaulders
20214	Mindfang
20220	Ironbark Staff
20295	Blue Dragonscale Leggings
20296	Green Dragonscale Gauntlets
20382	Pattern: Dreamscale Breastplate
20426	Advisor's Ring
20442	Scout's Medallion
20507	Pattern: Spitfire Gauntlets
20508	Pattern: Spitfire Breastplate
20510	Pattern: Sandstalker Gauntlets
20511	Pattern: Sandstalker Breastplate
20654	Amethyst War Staff
20655	Abyssal Cloth Handwraps of Sorcery
20656	Abyssal Mail Sabatons of Striking
20658	Abyssal Leather Boots of Restoration
20662	Abyssal Plate Greaves of Striking
20664	Abyssal Cloth Sash of Sorcery
20665	Abyssal Leather Leggings of Striking
20670	Abyssal Mail Clutch of Striking
20671	Abyssal Plate Legplates of Striking
20733	Formula: Enchant Cloak - Greater Nature Resistance
20752	Formula: Minor Mana Oil
20753	Formula: Lesser Wizard Oil
20754	Formula: Lesser Mana Oil
20755	Formula: Wizard Oil
20758	Formula: Minor Wizard Oil
21116	Defiler's Talisman
21151	Rumsey Rum Black Label
21228	Mithril Bound Trunk
21278	Stormshroud Gloves
21341	Felcloth Bag
21342	Core Felcloth Bag
21371	Pattern: Core Felcloth Bag
21548	Pattern: Stormshroud Gloves
21563	Don Rodrigo's Band
21565	Rune of Perfection
21566	Rune of Perfection
21567	Rune of Duty
22204	Wristguards of Renown
22205	Black Steel Bindings
22207	Sash of the Grand Hunt
22208	Lavastone Hammer
22212	Golem Fitted Pauldrons
22214	Plans: Light Obsidian Belt
22219	Plans: Jagged Obsidian Shield
22223	Foreman's Head Protector
22225	Dragonskin Cowl
22231	Kayser's Boots of Precision
22232	Marksman's Girdle
22234	Mantle of Lost Hope
22240	Greaves of Withering Despair
22241	Dark Warder's Pauldrons
22242	Verek's Leash
22245	Soot Encrusted Footwear
22247	Faith Healer's Boots
22248	Enchanted Runecloth Bag
22249	Big Bag of Enchantment
22253	Tome of the Lost
22254	Wand of Eternal Light
22255	Magma Forged Band
22256	Mana Shaping Handwraps
22267	Spellweaver's Turban
22268	Draconic Infused Emblem
22269	Shadow Prowler's Cloak
22271	Leggings of Frenzied Magic
22275	Firemoss Boots
22302	Ironweave Cowl
22307	Pattern: Enchanted Mageweave Pouch
22308	Pattern: Enchanted Runecloth Bag
22309	Pattern: Big Bag of Enchantment
22311	Ironweave Boots
22312	Pattern: Satchel of Cenarius
22313	Ironweave Bracers
22314	Huntsman's Harpoon
22317	Lefty's Brass Knuckle
22321	Heart of Wyrmthalak
22325	Belt of the Trickster
22327	Amulet of the Redeemed
22331	Band of the Steadfast Hero
22334	Band of Mending
22335	Lord Valthalak's Staff of Command
22336	Draconian Aegis of the Legion
22337	Shroud of Domination
22339	Rune Band of Wizardry
22340	Pendant of Celerity
22342	Leggings of Torment
22343	Handguards of Savagery
22390	Plans: Persuader
22393	Codex: Prayer of Shadow Protection
22394	Staff of Metanoia
22395	Totem of Rage
22397	Idol of Ferocity
22400	Libram of Truth
22403	Nacreous Shell Necklace
22404	Willey's Back Scratcher
22405	Mantle of the Scarlet Crusade
22406	Redemption
22407	Helm of the New Moon
22408	Ritssyn's Wand of Bad Mojo
22409	Tunic of the Crescent Moon
22410	Gauntlets of Deftness
22411	Helm of the Executioner
22412	Thuzadin Mantle
22433	Don Mauricio's Band of Domination
22683	Pattern: Gaea's Embrace
22754	Eternal Quintessence
22766	Plans: Ironvine Breastplate
22767	Plans: Ironvine Gloves
22770	Pattern: Bramblewood Boots
22771	Pattern: Bramblewood Helm
22773	Pattern: Sylvan Crown
22774	Pattern: Sylvan Vest
22862	Blood Guard's Chain Vices
22890	Tome of Frost Ward V
22897	Tome of Conjure Food VII
23192	Tabard of the Scarlet Crusade
23197	Idol of the Moon
23198	Idol of Brutality
23199	Totem of the Storm
23200	Totem of Sustaining
23203	Libram of Fervor
23320	Tablet of Flame Shock VI
24101	Book of Ferocious Bite V
24102	Manual of Eviscerate IX
208196	Moa'kin Band
208424	Sun Shades
208425	Shiny Archaic Vestige
208484	Sunlight
216918	Felheart Boots
216920	Felheart Bindings
216921	Felheart Grips
216923	Felheart Leggings
216924	Felheart Embrace
216925	Felheart Mantle
221785	Cenarion Vestments
224282	Rae'lar
225675	Sooty Obsidian Core
225676	Molten Obsidian Core
225740	Rune of Composure
225914	Rune of the Bound Spirit
226211	Echo of Nerub'enkan
226214	Echo of Willey
226404	Tarnished Undermine Real
226405	Damaged Undermine Supply Crate
226407	Rune of Axe Specialization
226408	Rune of Mace Specialization
226413	Rune of Arcane Specialization
226414	Rune of Fire Specialization
226417	Rune of Shadow Specialization
226418	Rune of Holy Specialization
226440	Nightslayer Belt
226441	Nightslayer Gloves
226442	Nightslayer Bracelets
226445	Nightslayer Pants
226446	Nightslayer Cover
226447	Nightslayer Chestpiece
226472	Stratholme Shadow Jar
226474	Nightslayer Waistguard
226476	Nightslayer Bracers
226477	Nightslayer Tabi
226478	Nightslayer Pauldrons
226479	Nightslayer Legguards
226484	Bracers of Might
226485	Belt of Might
226486	Gauntlets of Might
226487	Sabatons of Might
226489	Breastplate of Might
226490	Legplates of Might
226491	Shoulderplates of Might
226492	Pauldrons of Might
226493	Leggings of Might
226494	Hauberk of Might
226496	Treads of Might
226497	Hands of Might
226498	Sash of Might
226500	Chipped Drakefire Amulet
226530	Giantstalker's Bracers
226532	Giantstalker's Leggings
226534	Giantstalker's Breastplate
226541	Giantstalker's Wristguards
226542	Giantstalker's Girdle
226547	Felheart Pants
226548	Felheart Robes
226550	Felheart Shoulder Pads
226551	Felheart Belt
226553	Felheart Bracers
226554	Felheart Slippers
226555	Arcanist Belt
226556	Arcanist Gloves
226557	Arcanist Boots
226560	Arcanist Mantle
226561	Arcanist Leggings
226562	Arcanist Crown
226565	Arcanist Pants
226566	Arcanist Shoulders
226567	Arcanist Wristwraps
226568	Arcanist Sandals
226569	Arcanist Handguards
226570	Arcanist Cord
226571	Boots of Prophecy
226572	Gloves of Prophecy
226573	Circlet of Prophecy
226574	Pants of Prophecy
226575	Robes of Prophecy
226576	Mantle of Prophecy
226577	Girdle of Prophecy
226578	Vambraces of Prophecy
226579	Wristwraps of Prophecy
226580	Belt of Prophecy
226581	Shoulderpads of Prophecy
226582	Garments of Prophecy
226583	Leggings of Prophecy
226584	Crown of Prophecy
226585	Hands of Prophecy
226586	Sandals of Prophecy
226611	Earthfury Epaulets
226612	Earthfury Helmet
226613	Earthfury Boots
226614	Earthfury Legguards
226615	Earthfury Gauntlets
226616	Earthfury Belt
226617	Earthfury Vestments
226618	Earthfury Bracers
226619	Earthfury Ringmail
226620	Earthfury Walkers
226621	Earthfury Hands
226622	Earthfury Visor
226623	Earthfury Leggings
226624	Earthfury Mantle
226625	Earthfury Cord
226626	Earthfury Wristbands
226628	Earthfury Sabatons
226629	Earthfury Handguards
226630	Earthfury Greathelm
226631	Earthfury Scaled Leggings
226632	Earthfury Pauldrons
226634	Earthfury Wristguards
226635	Earthfury Chainmail
226636	Earthfury Battleboots
226637	Earthfury Grips
226638	Earthfury Headpiece
226639	Earthfury Chain Leggings
226640	Earthfury Spaulders
226641	Earthfury Girdle
226642	Earthfury Bindings
226647	Cenarion Helm
226650	Cenarion Belt
226651	Cenarion Pants
226652	Cenarion Sandals
226653	Cenarion Mantle
226654	Cenarion Gauntlets
226656	Cenarion Embrace
226657	Cenarion Cord
226658	Cenarion Antlers
226660	Cenarion Girdle
226661	Cenarion Tunic
226663	Cenarion Treads
226666	Cenarion Trousers
226667	Cenarion Waistguard
226668	Cenarion Wristguards
226669	Cenarion Grips
226670	Cenarion Crown
226671	Cenarion Legguards
226673	Cenarion Walkers
226674	Cenarion Pauldrons
226694	Rune of Defense Specialization
226697	Red Bag
226700	Shadowcraft Tunic
226701	Shadowcraft Belt
226702	Shadowcraft Gloves
226703	Shadowcraft Boots
226704	Shadowcraft Bracers
226705	Shadowcraft Pants
226706	Shadowcraft Spaulders
226707	Shadowcraft Cap
226708	Wildheart Cowl
226709	Wildheart Kilt
226710	Wildheart Spaulders
226711	Wildheart Gloves
226712	Wildheart Belt
226713	Wildheart Boots
226714	Wildheart Bracers
226715	Wildheart Vest
226716	Beaststalker's Mantle
226717	Beaststalker's Bindings
226718	Beaststalker's Belt
226719	Beaststalker's Pants
226720	Beaststalker's Cap
226721	Beaststalker's Gloves
226722	Beaststalker's Boots
226723	Beaststalker's Tunic
226724	Magister's Belt
226725	Magister's Bindings
226726	Magister's Mantle
226727	Magister's Leggings
226728	Magister's Crown
226729	Magister's Robes
226730	Magister's Boots
226731	Magister's Gloves
226732	Lightforge Belt
226734	Lightforge Breastplate
226735	Lightforge Spaulders
226737	Lightforge Gauntlets
226738	Lightforge Boots
226739	Lightforge Bracers
226740	Devout Gloves
226741	Devout Mantle
226742	Devout Bracers
226743	Devout Sandals
226744	Devout Belt
226745	Devout Robe
226746	Devout Crown
226747	Devout Skirt
226748	Gauntlets of Elements
226749	Vest of Elements
226750	Kilt of Elements
226751	Bindings of Elements
226752	Boots of Elements
226753	Pauldrons of Elements
226754	Cord of Elements
226755	Coif of Elements
226756	Dreadmist Mantle
226757	Dreadmist Robe
226758	Dreadmist Wraps
226759	Dreadmist Bracers
226760	Dreadmist Leggings
226761	Dreadmist Belt
226762	Dreadmist Mask
226763	Dreadmist Sandals
226764	Boots of Valor
226765	Belt of Valor
226766	Bracers of Valor
226767	Legplates of Valor
226768	Spaulders of Valor
226769	Helm of Valor
226770	Breastplate of Valor
226771	Gauntlets of Valor
226774	Feralheart Galoshes
226775	Feralheart Wraps
226776	Feralheart Vest
226777	Feralheart Hands
226778	Feralheart Spaulders
226779	Feralheart Kilt
226780	Feralheart Cord
226781	Feralheart Sandals
226782	Feralheart Bindings
226783	Feralheart Embrace
226784	Feralheart Gauntlets
226785	Feralheart Mantle
226786	Feralheart Headdress
226787	Feralheart Pants
226788	Feralheart Bands
226789	Feralheart Girdle
226793	Feralheart Fists
226794	Feralheart Walkers
226795	Feralheart Tunic
226796	Feralheart Wristguards
226797	Feralheart Waistguard
226798	Feralheart Pauldrons
226801	Feralheart Faceguard
226802	Feralheart Grips
226803	Feralheart Treads
226804	Feralheart Armor
226825	Darkmantle Tunic
226826	Darkmantle Spaulders
226827	Darkmantle Pants
226828	Darkmantle Grips
226829	Darkmantle Cap
226830	Darkmantle Bracers
226831	Darkmantle Footpads
226832	Darkmantle Belt
226835	Darkmantle Wristguards
226836	Darkmantle Waistguard
226838	Darkmantle Legguards
226840	Darkmantle Handguards
226841	Darkmantle Faceguard
226842	Darkmantle Treads
226843	Darkmantle Armor
226857	Battleboots of Heroism
226860	Crown of Heroism
226861	Gauntlets of Heroism
226862	Breastplate of Heroism
226864	Belt of Heroism
226865	Wristguards of Heroism
226866	Waistguard of Heroism
226872	Chestguard of Heroism
226881	Beastmaster's Treads
226883	Beastmaster's Gauntlets
226888	Beastmaster's Belt
226889	Beastmaster's Bracers
226890	Beastmaster's Waistwrap
226906	Deathmist Robe
226908	Deathmist Sandals
226909	Deathmist Mask
226910	Deathmist Leggings
226914	Deathmist Cord
226915	Deathmist Epaulets
226916	Deathmist Pants
226917	Deathmist Hood
226918	Deathmist Grasps
226920	Deathmist Embrace
226929	Sorcerer's Bindings
226931	Sorcerer's Sandals
226933	Sorcerer's Leggings
226945	Virtuous Robe
226946	Virtuous Skirt
226948	Virtuous Belt
226949	Virtuous Bracers
226950	Virtuous Mitts
226951	Virtuous Mantle
226952	Virtuous Sandals
226953	Virtuous Wraps
226954	Virtuous Cord
226955	Virtuous Epaulets
226956	Virtuous Leggings
226957	Virtuous Cowl
226958	Virtuous Hands
226959	Virtuous Slippers
226960	Virtuous Gown
226969	Soulforge Spaulders
226970	Soulforge Bracers
226971	Soulforge Belt
226972	Soulforge Legplates
226978	Soulforge Cord
226983	Soulforge Treads
226985	Soulforge Wristguards
226986	Soulforge Waistguard
226988	Soulforge Legguards
227001	Bindings of The Five Thunders
227002	Coif of The Five Thunders
227003	Pauldrons of The Five Thunders
227004	Vest of The Five Thunders
227005	Kilt of The Five Thunders
227006	Gauntlets of The Five Thunders
227007	Slippers of The Five Thunders
227008	Cord of The Five Thunders
227009	Bracers of The Five Thunders
227010	Sash of The Five Thunders
227011	Mantle of The Five Thunders
227012	Leggings of The Five Thunders
227014	Grasp of The Five Thunders
227015	Greaves of The Five Thunders
227016	Tunic of The Five Thunders
227017	Bands of The Five Thunders
227018	Girdle of The Five Thunders
227019	Spaulders of The Five Thunders
227020	Legplates of The Five Thunders
227021	Face of The Five Thunders
227022	Fists of The Five Thunders
227023	Treads of The Five Thunders
227024	Chain of The Five Thunders
227025	Wristguards of The Five Thunders
227026	Waistguard of The Five Thunders
227027	Shoulderguards of The Five Thunders
227028	Legguards of The Five Thunders
227029	Headpiece of The Five Thunders
227030	Handguards of The Five Thunders
227031	Sabatons of The Five Thunders
227032	Chestguard of The Five Thunders
227042	Champion's Plate Shoulders
227043	Champion's Plate Helm
227048	Legionnaire's Plate Leggings
227049	Legionnaire's Plate Hauberk
227050	Blood Guard's Plate Gauntlets
227051	Blood Guard's Plate Greaves
227062	Blood Guard's Leather Walkers
227071	Legionnaire's Chain Hauberk
227073	Legionnaire's Chain Legguards
227107	Legionnaire's Silk Legguards
227118	Champion's Satin Hood
227120	Champion's Satin Mantle
227123	Legionnaire's Satin Legguards
227124	Legionnaire's Satin Tunic
227126	Blood Guard's Satin Handwraps
227127	Blood Guard's Satin Walkers
227130	Champion's Satin Epaulets
227131	Legionnaire's Satin Leggings
227132	Champion's Satin Crown
227133	Blood Guard's Satin Grips
227134	Blood Guard's Satin Treads
227135	Legionnaire's Satin Robe
227154	Champion's Mail Pauldrons
227155	Champion's Mail Headguard
227156	Legionnaire's Mail Legguards
227157	Legionnaire's Mail Hauberk
227158	Blood Guard's Mail Greaves
227159	Blood Guard's Mail Vices
227160	Champion's Mail Spaulders
227161	Legionnaire's Mail Leggings
227162	Champion's Mail Helm
227163	Blood Guard's Mail Gauntlets
227164	Blood Guard's Mail Sabatons
227165	Legionnaire's Mail Breastplate
227166	Champion's Mail Epaulets
227167	Legionnaire's Mail Pants
227168	Champion's Mail Skullcap
227169	Blood Guard's Mail Gloves
227170	Blood Guard's Mail Boots
227171	Legionnaire's Mail Chestguard
227174	Champion's Dragonhide Headguard
227175	Champion's Dragonhide Shoulders
227177	Legionnaire's Dragonhide Leggings
227179	Legionnaire's Dragonhide Chestpiece
227180	Blood Guard's Dragonhide Grips
227181	Blood Guard's Dragonhide Treads
227204	Blood Guard's Dragonhide Gauntlets
227206	Legionnaire's Dragonhide Legguards
227279	Loop of the Magister
227280	Craft of the Shadows
227282	Ring of the Dreaded Mist
227284	Band of the Beast
227346	Dawn Gloves and Belt Set
227347	Twilight Gloves and Belt Set
227350	Relief's Gloves and Belt Set
227351	Eruption's Gloves and Belt Set
227352	Impact's Gloves and Belt Set
227353	Resolve's Gloves and Belt Set
227371	Dawn Boots, Legs, and Shoulders Set
227372	Twilight Boots, Legs, and Shoulders Set
227375	Relief's Boots, Legs, and Shoulders Set
227376	Eruption's Boots, Legs, and Shoulders Set
227377	Impact's Boots, Legs, and Shoulders Set
227378	Resolve's Boots, Legs, and Shoulders Set
227393	Dawn Helm and Chestpiece Set
227394	Twilight Helm and Chestpiece Set
227397	Relief's Helm and Chestpiece Set
227399	Impact's Helm and Chestpiece Set
227400	Resolve's Helm and Chestpiece Set
227454	Tidal Loop
227455	Ocean's Breeze
227530	Incandescent Belt
227531	Incandescent Bindings
227532	Incandescent Hood
227533	Incandescent Gloves
227534	Incandescent Leggings
227535	Incandescent Robe
227536	Incandescent Boots
227537	Incandescent Shoulderpads
227683	Sulfuras, Hand of Ragnaros
227684	Sulfuron Hammer
227743	Obsidian Power Core
227745	Family Heirloom
227747	Family Records
227748	Survivor Journal
227750	Molten Scaled Bindings
227751	Molten Scaled Belt
227752	Molten Scaled Shoulderpads
227754	Molten Scaled Leggings
227755	Molten Scaled Helm
227756	Molten Scaled Gloves
227757	Molten Scaled Boots
227758	Molten Scaled Chest
227759	Scorched Core Gloves
227760	Scorched Core Bindings
227761	Scorched Core Belt
227762	Scorched Core Shoulderpads
227763	Scorched Core Leggings
227764	Scorched Core  Helm
227765	Scorched Core Boots
227766	Scorched Core Chest
227767	Flamestone Cluster
227768	Dreamjuice
227801	Firelands Ember
227803	Dire Warbear Harness
227804	Dire Warbear Woolies
227805	Ferocity of the Timbermaw
227808	Rugged Mantle of the Timbermaw
227809	Studded Timbermaw Brawlers
227813	Drinkable Stratholme Holy Water
227814	Radiant Girdle of the Dawn
227815	Fine Dawn Treaders
227816	Argent Elite Boots
227817	Radiant Gloves of the Dawn
227818	Glowing Mantle of the Dawn
227819	Blessed Flame Mantle of the Dawn
227820	Tempered Dark Iron Bracers
227821	Flamekissed Molten Helm
227822	Thick Corehound Boots
227823	Fine Flarecore Gloves
227824	Tempered Dark Iron Helm
227825	Molten Dark Iron Destroyer
227826	Dark Iron Flame Reaver
227827	Molten Chain Girdle
227828	Lavawalker Belt
227829	Hardened Black Dragonscale Boots
227830	Fine Flarecore Mantle
227831	Fine Flarecore Robe
227832	Tempered Black Amnesty
227833	Glaive of Obsidian Fury
227834	Molten Chain Shoulders
227835	Tempered Dark Iron Gauntlets
227836	Tempered Dark Iron Leggings
227837	Thick Corehound Belt
227838	Shining Chromatic Gauntlets
227839	Fine Flarecore Leggings
227840	Implacable Blackguard
227842	Ebon Fist
227844	Leather-Reinforced Runecloth Bag
227845	Refined Arcanite Reaper
227847	Devilcore Leggings
227848	Devilcore Gauntlets
227849	Fiery Core Sharpshooter Rifle
227851	Hardened Black Dragonscale Breastplate
227852	Hardened Black Dragonscale Leggings
227853	Hardened Black Dragonscale Shoulders
227854	Mastercrafted Shifting Cloak
227859	Shimmering Dawnbringer Shoulders
227860	Incandescent Mooncloth Vest
227861	Incandescent Mooncloth Robe
227863	Incandescent Mooncloth Circlet
227866	Masterwork Volcanic Shoulders
227867	Masterwork Volcanic Leggings
227868	Masterwork Volcanic Breastplate
227869	Brilliant Chromatic Cloak
227882	Girdle of Arcane Insight
227886	Skyrider's Masterwork Stormhammer
227888	Argent Elite Shoulders
227899	Pattern: Honed Blue Dragonscale Shoulders
227901	Plans: Tempered Dark Iron Plate
227902	Pattern: Hardened Black Dragonscale Breastplate
227903	Pattern: Hardened Black Dragonscale Leggings
227904	Pattern: Hardened Black Dragonscale Shoulders
227905	Plans: Skyrider's Masterwork Stormhammer
227906	Pattern: Masterwork Volcanic Breastplate
227907	Pattern: Masterwork Volcanic Shoulders
227908	Pattern: Masterwork Volcanic Leggings
227912	Applied Divinity
227914	Owlbeast Pineal Gland
227915	Duke's Domain
227923	Water Treads
227925	Beacon of Hydraxis
227926	Hydraxian Coronation
227936	Diplomat Ring
227937	Puzzle Box
227938	Shard of Light
227939	Shard of Light
227940	Lord General's Sword
227941	Wraith Scythe
227947	Golem Fitted Pauldrons
227948	Angerforge's Battle Axe
227952	Savage Gladiator Chain
227955	Savage Gladiator Helm
227956	Deathdealer Breastplate
227957	Savage Gladiator Greaves
227958	Ghostshroud
227959	Legplates of the Eternal Guardian
227960	Impervious Giant
227961	Savage Gladiator Grips
227962	Flarethorn
227963	Blood-etched Blade
227964	Luminary Kilt
227965	Omnicast Boots
227967	Second Wind
227970	Cape of the Fire Salamander
227971	Molten Fists
227972	Burst of Knowledge
227973	Circle of Flame
227974	Lavastone Hammer
227978	Magmus Stone
227980	Robes of the Royal Crown
227981	Dreadforge Retaliator
227982	Guiding Stave of Wisdom
227983	Dark Iron Seal
227984	Thaurissan's Royal Scepter
227985	The Emperor's New Cape
227986	Wristguards of Renown
227987	Sash of the Grand Hunt
227988	Imperial Jewel
227990	Hand of Injustice
227991	Ironfoe
227992	Death Knight Sabatons
227993	Ebon Hilt of Marduk
227994	Frightskull Shaft
227996	Ancient Bone Bow
227997	Barovian Family Sword
227998	Bloodmail Boots
228001	Stoneform Shoulders
228003	Bloodmail Legguards
228004	Windreaver Greaves
228005	Clutch of Andros
228007	Gargoyle Slashers
228009	Necropile Boots
228010	Necropile Mantle
228011	Necropile Cuffs
228012	Bloodmail Hauberk
228013	Necropile Robe
228014	Bloodmail Belt
228015	Frightalon
228016	Dimly Opalescent Ring of Arcane Resistance
228017	Skullsmoke Pants
228018	Necropile Leggings
228019	Heart of the Fiend
228020	Bloodmail Gauntlets
228021	Witchblade
228022	Headmaster's Charge
228023	Alanna's Embrace
228024	Silent Fang
228025	Tombstone Breastplate
228027	Iceblade Hacker
228029	Gravestone War Axe
228030	Malicious Axe
228031	Darkshade Gloves
228032	Bone Ring Helm
228033	Hammer of Divine Might
228034	Shivery Handwraps
228036	Death's Clutch
228037	Rattlecage Buckler
228039	Spellbound Tome
228040	Ghostloom Leggings
228041	Wraithplate Leggings
228042	Detention Strap
228044	Maelstrom Leggings
228045	Necromantic Band
228046	Don Mauricio's Band of Domination
228047	Amalgam's Band
228050	Satyr's Bow
228051	Quel'dorai Channeling Rod
228052	Waveslicer
228053	Fervent Helm
228054	Tempest Talisman
228055	Energized Chestplate
228056	Fiendish Machete
228057	Ring of Demonic Potency
228058	Bulky Iron Spaulders
228059	Denwatcher's Shoulders
228060	Heliotrope Cloak
228063	Warpwood Binding
228064	Observer's Shield
228066	Ironweave Gloves
228067	Elder Magus Pendant
228068	Mugger's Belt
228074	Hands of Temptation
228075	Spear of Destiny
228076	Burning Ring of Fire
228077	Dreambough
228078	Accursed Chalice
228079	Cloak of Leaves
228080	Resin Loop
228081	Germinating Poisonseed
228082	Warsong Axe
228083	Gloaming Treeheart
228084	Miniaturized Fire Extinguisher
228085	Phaseshifted Legion Band
228086	Repurposed Shredderblade
228087	Supercharged Silver Moebius
228088	Shredder Operator's Dogtags
228089	Woodcarved Moonstalker
228090	Cenarion Ritual Dagger
228091	Thorned Boots
228092	Druidic Mantle
228093	Dark Heart of Darkness
228094	Dreadlord's Blade
228100	Drape of the Fire Lord
228101	Hide of the Behemoth
228102	Majordomo's Drape
228103	Nathrezim's Greaves
228104	Robes of Elune
228106	Shield of Life and Death
228107	Fallen Huntress' Longbow
228108	Shadow of Gorehowl
228109	Legguards of Sacrifice
228111	Mask of the Godslayer
228112	Nightmare Gown
228113	Cold Embrace
228117	Plans: Refined Arcanite Champion
228120	Pattern: Devilcore Leggings
228121	Pattern: Leather-Reinforced Runecloth Bag
228123	Jubilant Epiphany
228124	Oneiric Epiphany
228126	Aperitive Epiphany
228127	Wristguards of Instability
228129	Shadowflame Skull
228131	Altruist Ward
228137	Heart of Golemagg
228139	Fist of the Firesworn
228142	Earth and Fire
228143	Shadowflame Sword
228145	Magmadar's Right Claw
228146	Magmadar's Left Claw
228147	Magmadar's Horn
228162	Deceit
228163	Broodmother's Brooch
228165	Dragonslayer's Javelin
228166	Key to the City
228168	Goblin Gear Grinder
228169	The Attitude Adjustor
228170	Makeshift South Sea Oar
228171	Kezan Cash Carrier
228172	Shadowtooth Illusion Ward
228173	Libram of the Consecrated
228174	Libram of the Devoted
228175	Libram of Holy Alacrity
228176	Totem of Thunder
228177	Totem of Raging Fire
228178	Totem of Earthen Vitality
228179	Totem of the Plains
228180	Idol of the Swarm
228181	Idol of Exsanguination (Cat)
228182	Idol of Exsanguination (Bear)
228183	Idol of the Grove
228184	Goblin Clothesline
228185	Broken Bottle of Goblino Noir
228186	Abandoned Wedding Band
228187	Stick of the South Sea
228189	Gift of Gob
228190	Knowledge of the Timbermaw
228191	Shimmering Molten Mineral
228222	Handbook of Valor of Azeroth
228229	Obsidian Edged Blade
228239	Robe of Volatile Power
228240	Flamewaker Legplates
228242	Heavy Dark Iron Ring
228243	Ring of Spell Power
228244	Manastorm Leggings
228245	Salamander Scale Pants
228246	Wristguards of Stability
228247	Choker of Enlightenment
228249	Medallion of Steadfast Might
228253	Sabatons of the Flamewalker
228254	Magma Tempered Boots
228255	Talisman of Ephemeral Power
228256	Mana Igniting Cord
228257	Aged Core Leather Gloves
228258	Deep Earth Spaulders
228259	Fire Runed Grimoire
228260	Flameguard Gauntlets
228261	Quick Strike Ring
228262	Crimson Shocker
228263	Sorcerous Dagger
228264	Aurastone Hammer
228265	Brutality Blade
228266	Drillborer Disk
228267	Gutgore Ripper
228268	Seal of the Archmagus
228269	Azuresong Mageblade
228270	Blastershot Launcher
228271	Staff of Dominance
228272	Shadowstrike
228273	Thunderstrike
228274	Cauterizing Band
228275	Core Forged Greaves
228276	Pattern: Mastercrafted Shifting Cloak
228277	Core Hound Tooth
228278	Hyperthermically Insulated Lava Dredger
228279	Fireguard Shoulders
228280	Fireproof Cloak
228281	Gloves of the Hypnotic Flame
228282	Sash of Whispered Secrets
228283	Wild Growth Spaulders
228284	Wristguards of True Flight
228285	Helm of the Lifegiver
228286	Band of Accuria
228287	Band of Sulfuras
228288	Bonereaver's Edge
228289	Choker of the Fire Lord
228290	Cloak of the Shrouded Mists
228291	Crown of Destruction
228292	Dragon's Blood Cape
228293	Essence of the Pure Flame
228295	Onslaught Girdle
228296	Perdition's Blade
228297	Shard of the Flame
228298	Shard of the Scale
228299	Spinal Reaper
228303	Pattern: Incandescent Mooncloth Robe
228310	Plans: Hardened Frostguard
228313	Plans: Tempest Gauntlets
228315	Plans: Sageblade of the Archmagus
228316	Pattern: Incandescent Mooncloth Vest
228317	Pattern: Incandescent Mooncloth Circlet
228318	Pattern: Incandescent Mooncloth Leggings
228334	Rhok'delar, Longbow of the Ancient Keepers
228335	Benediction
228336	Anathema
228340	Unmelting Ice Girdle
228345	Leggings of Arcane Supremacy
228347	Typhoon
228349	Eskhandar's Left Claw
228350	Eskhandar's Right Claw
228351	Doomhide Gauntlets
228352	Fel Infused Leggings
228353	Infernal Headcage
228354	Blazefury Medallion
228355	Flayed Doomguard Belt
228356	Amberseal Keeper
228357	Blacklight Bracer
228359	Ring of Entropy
228360	Eskhandar's Pelt
228381	Cold Snap
228382	Fang of the Mystics
228383	Puissant Cape
228384	Snowblind Shoes
228385	Crystal Adorned Crown
228389	Drape of Benediction
228397	Empyrean Demolisher
228410	Dreadblade of the Destructor
228459	Obsidian Edged Blade
228460	Spinal Reaper
228462	Aurastone Hammer
228464	Royal Seal of Eldre'Thalas
228468	Tanglemoss Leggings
228469	Tarnished Elven Ring
228470	Silvermoon Leggings
228471	Stoneshatter
228472	Distracting Dagger
228473	Unyielding Maul
228477	Pattern: Embroidered Belt of the Archmage
228479	Leggings of Destruction
228484	Rod of the Ogre Magi
228486	Treant's Bane
228500	Mask of the Unforgiven
228501	Songbird Blouse
228502	Piccolo of the Flaming Fire
228503	Woollies of the Prancing Minstrel
228504	Rainbow Girdle
228505	Royal Tribunal Cloak
228506	Brutality Blade
228508	Hammer of The Black Anvil
228511	Perdition's Blade
228513	Vambraces of the Sadist
228514	Timmy's Galoshes
228515	Grimgore Noose
228516	Peacemaker
228517	Azuresong Mageblade
228518	Magistrate's Cuffs
228519	Striker's Mark
228520	Soulstealer Mantle
228521	Shadowy Laced Handwraps
228522	Willey's Portable Howitzer
228523	Cannonball Runner
228524	The Postmaster's Seal
228525	The Postmaster's Tunic
228527	The Postmaster's Trousers
228528	The Postmaster's Band
228529	The Postmaster's Treads
228530	Chitinous Plate Legguards
228531	Thuzadin Sash
228533	Nacreous Shell Necklace
228535	Bone Slicing Hatchet
228536	Star of Mystaria
228537	Dracorian Gauntlets
228538	Seal of Rivendare
228539	Book of the Dead
228540	Crown of Tyranny
228541	Gift of the Elven Magi
228542	Skullforge Reaver
228543	Runeblade of Baron Rivendare
228544	Hammer of the Grand Crusader
228545	Grand Crusader's Helm
228546	Shroud of the Nathrezim
228547	Ironweave Robe
228548	Scepter of Interminable Focus
228551	Tunic of the Crescent Moon
228552	Gauntlets of Deftness
228553	Helm of the Executioner
228554	Demonskin Gloves
228555	Phase Blade
228556	Butcher's Apron
228557	Swiftdart Battleboots
228558	Funeral Cuffs
228559	Blackcrow
228561	Trueaim Gauntlets
228562	Demonic Runed Spaulders
228563	Globe of D'sak
228564	Ogreseer Tower Boots
228566	Starfire Tiara
228567	Chiselbrand Girdle
228568	Backusarian Gauntlets
228570	Fist of Omokk
228571	Plate of the Shaman King
228572	Brazecore Armguards
228573	Venomspitter
228574	Talisman of Evasion
228575	Slashclaw Bracers
228576	Smolderweb's Eye
228577	Gilded Gauntlets
228578	Dustfeather Sash
228579	Crystallized Girdle
228583	Truestrike Shoulders
228584	Emberfury Talisman
228585	Mark of the Dragon Lord
228586	Chillpike
228587	Trindlehaven Staff
228588	Reiver Claws
228589	Heart of the Scale
228590	Sunderseer Mantle
228591	Rhombeard Protector
228592	Fang of the Crystal Spider
228594	Kayser's Boots of Precision
228595	Marksman's Girdle
228596	Ironweave Belt
228597	Ironweave Boots
228598	Ironweave Bracers
228600	The Jaw Breaker
228601	Relentless Scythe
228602	Flame Walkers
228603	Blackhand Doomsaw
228604	Eye of Rend
228605	Bonespike Shoulder
228606	Blackblade of Shahram
228650	Warmaster Legguards
228651	Battleborn Armbraces
228653	Dal'Rend's Sacred Charge
228660	Blademaster Leggings
228661	Tristam Legguards
228662	Blackmist Armguards
228663	Bloodmoon Cloak
228664	Frostweaver Cape
228666	Seeping Willow
228667	Painweaver Band
228669	Tooth of Gnarr
228670	Brigam Girdle
228672	Handcrafted Mastersmith Girdle
228675	Band of Rumination
228676	Feralsurge Girdle
228677	Spellweaver's Turban
228678	Draconic Infused Emblem
228679	Quel'Serrar
228680	Nostro's Compendium of Dragon Slaying
228681	Ironweave Cowl
228683	Rune Band of Wizardry
228684	Pendant of Celerity
228685	Onyxia Tooth Pendant
228686	Onyxia Blood Talisman
228687	Dragonslayer's Signet
228689	Head of Onyxia
228691	Garona: A Study on Stealth and Treachery
228692	Codex of Defense
228693	The Arcanist's Cookbook
228699	Ring of Demonic Guile
228700	Ironweave Mantle
228701	Core Hound Tooth
228722	Hand of Justice
228749	Splinter of Nordrassil
228757	Felstriker
228759	Eskhandar's Collar
228912	Artifact Storage Key
228924	Tempered Dark Iron Boots
228925	Tempered Dark Iron Boots
228926	Tempered Dark Iron Boots
228927	Tempered Dark Iron Boots
228928	Tempered Dark Iron Boots
228929	Tempered Dark Iron Boots
228955	Ancient Cornerstone Grimoire
228978	Enchanted Sigil: Flowing Waters
228979	Enchanted Sigil: Flowing Waters
228981	Formula: Conductive Shield Coating
228992	Onyxia Hide Backpack
228993	Pattern: Bottomless Bag
228994	Bottomless Bag
229008	Formula: Enchant Cloak - Greater Fire Resistance
229009	Formula: Enchant Cloak - Greater Nature Resistance
229372	Gutgore Ripper
229374	Fist of the Firesworn
229376	Sorcerous Dagger
229377	Magmadar's Left Claw
229378	Magmadar's Right Claw
229379	Eskhandar's Right Claw
229382	Hyperthermically Insulated Lava Dredger
229906	Tarnished Bronze Scale
230002	Mortal Finisher
230008	Linkue Combatant Icon
230237	Arcane Infused Gem
230238	The Black Book
230239	Gloves of Rapid Evolution
230240	Mantle of the Blackwing Cabal
230241	Spineshatter
230244	Shapeshifter's Sigil
230245	Pendant of the Fallen Dragon
230248	Red Dragonscale Protector
230253	Heartstriker
230255	Taut Dragonhide Belt
230256	Drake Talon Pauldrons
230270	Shadow Wing Focus Staff
230275	Firemaw's Clutch
230276	Claw of the Black Drake
230280	Aegis of Preservation
230282	Drake Fang Talisman
230723	Ebony Flame Gloves
230733	Shroud of Pure Thought
230734	Circle of Applied Force
230741	Chromatic Boots
230794	Claw of Chromaggus
230801	Ashjre'thul, Crossbow of Smiting
230802	Elementium Reinforced Bulwark
230806	Therazane's Link
230808	Archimtiros' Ring of Reckoning
230812	Mish'undare, Circlet of the Mind Flayer
230813	Staff of the Shadow Flame
230818	Ashkandi, Greatsword of the Brotherhood
230837	Crul'shorukh, Edge of Chaos
230838	Lok'amir il Romathis
230839	Master Dragonslayer's Ring
230840	Master Dragonslayer's Medallion
230841	Master Dragonslayer's Orb
230844	Draconic Maul
230846	Band of Dark Dominion
230854	Band of Servitude
230856	Belt of Untapped Power
230857	Blooddrenched Mask
230858	Cloak of the Hakkari Worshipers
230859	Gloves of the Tormented
230860	Might of the Tribe
230861	Sacrificial Gauntlets
230862	Zulian Headdress
230863	Zulian Scepter of Rites
230866	Blooddrenched Footpads
230868	Zulian Stone Axe
230904	Scroll: SEENECS FO RIEF
230911	Jeklik's Crusher
230912	Animist's Spaulders
230913	Jeklik's Opaline Talisman
230915	Primalist's Band
230916	Seafury Boots
230920	Mar'li's Eye
230921	Band of Jin
230923	Betrayer's Boots
230925	Thekal's Grasp
230927	Ritualistic Legguards
230928	Seafury Leggings
230941	Arlokk's Hoodoo Stick
230942	Bloodsoaked Greaves
230943	Overlord's Onyx Band
230944	Panther Hide Sack
230991	Halberd of Smiting
230992	Warblade of the Hakkari
230994	Animist's Leggings
230995	Blooddrenched Grips
230996	Bloodsoaked Pauldrons
230998	Hakkari Loa Cloak
230999	Overlord's Crimson Band
231000	Primalist's Seal
231002	Jin'do's Hexxer
231003	Jin'do's Evil Eye
231004	Jin'do's Judgement
231005	Jin'do's Bag of Whammies
231007	Bloodstained Coif
231009	Blooddrenched Leggings
231011	Bloodtinged Gloves
231012	Overlord's Embrace
231013	The Hexxer's Cover
231014	Lizardscale Eyepatch
231027	Faceguard of Wrath
231031	Bracers of Wrath
231042	Bloodfang Gloves
231043	Bloodfang Hood
231045	Bloodfang Belt
231059	Dragonstalker's Helm
231100	Netherwind Belt
231102	Netherwind Gloves
231104	Netherwind Pants
231105	Netherwind Robes
231155	Boots of Transcendence
231156	Handguards of Transcendence
231157	Halo of Transcendence
231158	Leggings of Transcendence
231159	Robes of Transcendence
231160	Pauldrons of Transcendence
231161	Belt of Transcendence
231162	Bindings of Transcendence
231165	Treads of Transcendence
231167	Crown of Transcendence
231169	Garb of Transcendence
231171	Cord of Transcendence
231172	Bracers of Transcendence
231199	Bracers of Ten Storms
231219	Headdress of Ten Storms
231253	Stormrage Bindings
231260	Stormrage Sash
231272	Tigule's Harpoon
231273	Gri'lek's Carver
231275	Blazefury Retributer
231278	Hoodoo Hunting Bow
231283	Hazza'rah's Charm of Warding
231287	Renataki's Charm of Trickery
231289	Aegis of the Blood God
231300	Cloak of Consumption
231305	Seafury Gauntlets
231306	Soul Corrupter's Necklace
231332	The All-Seeing Eye of Zuldazar
231333	Zandalar Confessor's Mantle
231334	Zandalar Confessor's Bindings
231335	Zandalar Confessor's Wraps
231336	Zandalarian Shadow Mastery Talisman
231338	Zandalar Madcap's Mantle
231366	Prophetic Aura
231367	Prophetic Curse
231378	Shimmering Golden Disk
231460	Planebreaker of Azgaloth
231512	Primal Hakkari Idol
231513	Gri'lek's Blood
231514	Renataki's Tooth
231515	Wushoolay's Mane
231516	Hazza'rah's Dream Thread
231517	Punctured Voodoo Doll
231518	Punctured Voodoo Doll
231519	Punctured Voodoo Doll
231520	Punctured Voodoo Doll
231521	Punctured Voodoo Doll
231522	Punctured Voodoo Doll
231523	Punctured Voodoo Doll
231525	Punctured Voodoo Doll
231531	General's Plate Boots
231552	General's Leather Treads
231554	General's Leather Legguards
231595	General's Silk Trousers
231600	General's Silk Handwraps
231611	Warlord's Satin Epaulets
231612	Warlord's Satin Robes
231614	General's Satin Leggings
231615	Warlord's Satin Crown
231630	General's Satin Walkers
231631	Warlord's Satin Mantle
231632	Warlord's Satin Tunic
231633	General's Satin Handwraps
231634	General's Satin Legguards
231635	Warlord's Satin Hood
231653	Warlord's Mail Hauberk
231654	Warlord's Mail Pauldrons
231655	General's Mail Vices
231656	General's Mail Greaves
231657	Warlord's Mail Headguard
231658	General's Mail Legguards
231659	Warlord's Mail Spaulders
231662	Warlord's Mail Breastplate
231664	General's Mail Leggings
231665	Warlord's Mail Epaulets
231668	Warlord's Mail Chestguard
231669	Warlord's Mail Skullcap
231670	General's Mail Pants
231679	Warlord's Dragonhide Armor
231682	General's Dragonhide Boots
231707	Draconian Bindings
231708	Draconian Belt
231709	Draconian Shoulderpads
231710	Draconian Leggings
231711	Draconian Hood
231712	Draconian Gloves
231713	Draconian Boots
231714	Draconian Robe
231716	Primeval Belt
231717	Primeval Shoulderpads
231719	Primeval Helm
231720	Primeval Gloves
231721	Primeval Boots
231722	Depleted Scythe of Chaos
231723	Primeval Chest
231724	Ancient Bindings
231725	Ancient Belt
231726	Ancient Shoulderpads
231727	Ancient Leggings
231728	Ancient Helm
231729	Ancient Gloves
231730	Ancient Boots
231731	Ancient Chest
231753	Skywall's Solace
231778	Mountain Spring Water
231781	Soul of Thunder
231782	Crown of the Successor
231784	Lightning's Cell
231803	Prestor's Talisman of Connivery
231806	Searing Arrow
231807	Searing Shot
231814	Chromatic Heart
231815	Flashrend
231817	Windstriker
231823	Geddon's Glaive
231846	Gri'lek's Carver
231852	Gurubashi Dwarf Destroyer
231855	Fang of the Faceless
231858	Bloodcaller
231860	Jin'do's Judgement
231867	Bloodlord's Defender
231871	Wushoolay's Poker
231872	Hoodoo Hunting Bow
231873	Zulian Stone Axe
231875	Thekal's Grasp
231995	Hardened Elementium Slag
232077	Wand of Making
232168	Cord of Transcendence
232175	Bindings of Transcendence
232180	Handguards of Transcendence
232211	Helmet of Ten Storms
232213	Greaves of Ten Storms
232299	Zulian Defender
232309	Renataki's Soul Conduit
232310	Renataki's Soul Conduit
232311	Zulian Tigerhide Cloak
232433	Dense Runecloth Bandage
232434	Manual: Dense Runecloth Bandage
232436	Darkclaw Bisque
232437	Recipe: Darkclaw Bisque
232438	Smoked Redgill
232443	Recipe: Smoked Redgill
232454	Emblem of the Wild Gods
232455	Emblem of Dishonor
232456	Emblem of the Violet Eye
232457	Emblem of the Worldcore
232552	Lok'amir il Romathis
232561	Claw of the Black Drake
232566	The Untamed Blade
232576	Draconic Avenger
232577	Doom's Edge
232608	Dragonbreath Hand Cannon
233197	Argent Training Manual
233198	Horn of the Dawn
233200	Songflower Seed
233201	Shimmering Globe
233206	Overseer's Anvil
233208	"Defective" Magic 8-Ball
233209	Firewater Cauldron
233211	Spirit Conch
233213	Ancient Lodestone
233215	Explosive Sand Trap
233216	Freez-O-Matic Ray
233217	Tunneler's Incense
233226	Ancient Zandalarian Rope
233250	Ancient Branch
233351	Light Green Qiraji Resonating Crystal
233352	Dark Blue Qiraji Resonating Crystal
233353	Light Blue Qiraji Resonating Crystal
233356	Orange Qiraji Resonating Crystal
233357	Twilight Qiraji Resonating Crystal
233358	Tamed Silithid Tank
233362	Husk of the Old God
233363	Carapace of the Old God
233364	Skin of the Old God
233365	Intact Viscera
233367	Intact Peritoneum
233368	Intact Entrails
233369	Qiraji Bindings of Dominance
233370	Qiraji Bindings of Command
233371	Qiraji Bindings of Sovereignty
233373	Conqueror's Breastplate
233392	Footwraps of the Oracle
233393	Tiara of the Oracle
233394	Mantle of the Oracle
233395	Vestments of the Oracle
233396	Trousers of the Oracle
233403	Enigma Shoulderpads
233404	Enigma Circlet
233407	Striker's Footguards
233408	Striker's Leggings
233409	Striker's Pauldrons
233410	Striker's Diadem
233411	Striker's Hauberk
233418	Cloak of Unending Life
233420	Cloak of the Unseen Path
233421	Scythe of the Unseen Path
233422	Signet of the Unseen Path
233423	Blade of Vaulted Secrets
233424	Drape of Vaulted Secrets
233425	Band of Vaulted Secrets
233429	Gavel of Infinite Wisdom
233432	Cloak of Veiled Shadows
233433	Dagger of Veiled Shadows
233435	Hammer of the Gathering Storm
233436	Cloak of the Gathering Storm
233442	Sickle of Unyielding Strength
233496	Barrage Shoulders
233502	Amulet of Foul Warding
233503	Pendant of the Qiraji Guardian
233504	Cloak of Concentrated Hatred
233505	Leggings of Immersion
233506	Beetle Scaled Wristguards
233507	Ring of Swarming Thought
233509	Staff of the Qiraji Prophets
233514	Boots of the Unwavering Will
233515	Hammer of Ji'zhi
233516	Breastplate of Annihilation
233517	Boots of the Redeemed Prophecy
233518	Boots of the Fallen Prophet
233519	Cape of the Trinity
233520	Robes of the Triumvirate
233521	Ternary Mantle
233522	Guise of the Devourer
233523	Triad Girdle
233524	Angelista's Touch
233559	Gloves of Ebru
233560	Ooze-ridden Gauntlets
233561	Boots of the Fallen Hero
233562	Angelista's Charm
233563	Mantle of Phrenic Power
233564	Bile-Covered Gauntlets
233565	Ukko's Ring of Darkness
233566	Mantle of the Desert's Fury
233567	Mantle of the Desert Crusade
233568	Vest of Swift Execution
233569	Ring of the Devoured
233570	Petrified Scarab
233571	Wand of Qiraji Nobility
233572	Necklace of Purity
233573	Recomposed Boots
233574	Leggings of the Festering Swarm
233575	Robes of the Battleguard
233576	Silithid Claw
233577	Thick Qirajihide Belt
233578	Creeping Vine Helm
233579	Gloves of Enforcement
233580	Badge of the Swarmguard
233581	Sartura's Might
233582	Gauntlets of Steadfast Determination
233583	Legplates of Blazing Light
233584	Scaled Leggings of Qiraji Fury
233585	Ancient Qiraji Ripper
233586	Jaw of the Sand Reaver
233587	Barbed Choker
233588	Cloak of Untold Secrets
233589	Fetish of the Sand Reaver
233590	Hive Tunneler's Boots
233591	Silithid Carapace Chestguard
233592	Mantle of Wicked Revenge
233593	Pauldrons of the Unrelenting
233594	Robes of the Guardian Saint
233595	Scaled Sand Reaver Leggings
233596	Libram of Purification
233597	Totem of Life
233598	Slime-coated Leggings
233599	Sharpened Silithid Femur
233600	Ring of the Qiraji Fury
233601	Scarab Brooch
233602	Idol of Health
233603	Gauntlets of the Righteous Champion
233604	Gauntlets of Kalimdor
233605	Huhuran's Stinger
233606	Cloak of the Golden Hive
233607	Gloves of the Messiah
233608	Wasphide Gauntlets
233609	Ring of the Martyr
233610	Hive Defiler Wristguards
233611	Boots of Epiphany
233612	Qiraji Execution Bracers
233613	Vek'lor's Gloves of Devastation
233614	Royal Qiraji Belt
233615	Ring of Emperor Vek'lor
233616	Royal Scepter of Vek'lor
233617	Bracelets of Royal Redemption
233618	Gloves of the Hidden Temple
233619	Regenerating Belt of Vek'nilash
233620	Amulet of Vek'nilash
233621	Kalimdor's Revenge
233622	Grasp of the Fallen Emperor
233623	Belt of the Fallen Emperor
233624	Don Rigoberto's Lost Hat
233625	Burrower Bracers
233626	Larvae of the Great Worm
233627	Jom Gabbar
233628	The Burrower's Shell
233629	Wormscale Blocker
233630	Cloak of the Devoured
233631	Dark Storm Gauntlets
233632	Grasp of the Old God
233633	Eyestalk Waist Cord
233634	Death's Sting
233635	Belt of Never-ending Agony
233636	Scepter of the False Prophet
233637	Gauntlets of Annihilation
233638	Ring of the Godslayer
233639	Vanquished Tentacle of C'Thun
233640	Dark Edge of Insanity
233641	Cloak of Clarity
233642	Mark of C'Thun
233643	Anubisath Warhammer
233644	Garb of Royal Ascension
233645	Gloves of the Immortal
233646	Gloves of the Redeemed Prophecy
233647	Neretzek, The Blood Drinker
233648	Ritssyn's Ring of Chaos
233649	Shard of the Fallen Star
233651	Conqueror's Cuirass
233652	Conqueror's Sabatons
233653	Conqueror's Helm
233654	Conqueror's Tassets
233658	Conqueror's Pauldrons
233664	Striker's Ringmail
233665	Striker's Treads
233666	Striker's Visor
233667	Striker's Chain Legplates
233668	Striker's Spaulders
233670	Doomcaller's Garb
233678	Enigma Garb
233679	Leggings of the Oracle
233680	Robes of the Oracle
233681	Shoulderpads of the Oracle
233682	Crown of the Oracle
233683	Slippers of the Oracle
233699	Stormcaller's Breastplate
233700	Stormcaller's Crown
233701	Stormcaller's Treads
233702	Stormcaller's Mantle
233703	Stormcaller's Chain Leggings
233704	Stormcaller's Embrace
233705	Stormcaller's Headdress
233707	Stormcaller's Epaulets
233710	Genesis Leather Pants
233716	Genesis Treads
233717	Genesis Mantle
233718	Genesis Headdress
233719	Genesis Breeches
233723	Genesis Mask
233728	Blood-Caked Insignia
233729	Blood-Caked Choker
233730	Blood-Caked Talisman
233731	Blood-Caked Amulet
233732	Blood-Caked Necklace
233733	Blood-Caked Ring
233734	Blood-Caked Circle
233735	Blood-Caked Loop
233736	Blood-Caked Band
233737	Blood-Caked Cloak
233738	Blood-Caked Cape
233739	Blood-Caked Drape
233740	Blood-Caked Shroud
233749	Battle Hardened Mail Wristguards
233780	Battle Hardened Satin Bracers
233781	Battle Hardened Satin Wrists
233783	Battle Hardened Satin Sash
233786	Battle Hardened Satin Cinch
233791	Blood-Caked Copper Coin
233795	Razorspike Headcage
233796	Obsidian Destroyer
233797	Obsidian Stormhammer
233802	Glowing Chitin Armor Kit
233803	Sharpened Chitin Armor Kit
233804	Razorbramble Shoulderpads
233808	Razorbramble Cowl
233813	Razorbramble Leathers
233826	Vampiric Cowl
233833	Vampiric Shawl
233956	Qiraji Silk Scarf
233958	Qiraji Silk Cape
233959	Qiraji Silk Cloak
233960	Qiraji Silk Drape
233962	Flask of Madness
233964	Flask of Ancient Knowledge
233965	Flask of the Old Gods
233966	Flask of Unyielding Sorrow
233967	Elixir of the Honey Badger
233968	Elixir of the Mage-Lord
233969	Elixir of the Ironside
233977	Elixir of Alacrity
233984	Arcane Megabomb
233985	The Fumigator
233986	Obsidian Bomb
233987	G00 DV-1B3 Generator
233990	Speedstone
233991	Tear of the Dreamer
233992	Lodestone of Retaliation
233994	Ruby-Encrusted Broach
233995	Scroll: Wrath of the Swarm
233996	Enchanted Repellent
233997	Formula: Enchant Chest - Living Stats
234001	Enchanted Totem
234002	Enchanted Mushroom
234003	Obsidian-Infused Thorium Bar
234004	Obsidian Grinding Stone
234005	Obsidian Blasting Powder
234006	Monstrous Silithid Chitin
234007	Spiked Silithid Chitin
234008	Qiraji Silk
234009	Bolt of Qiraji Silk
234010	Ancient Sandworm Bile
234011	Qiraji Stalker Venom
234012	Hive Thistle
234016	Signet Ring of the Bronze Dragonflight
234017	Signet Ring of the Bronze Dragonflight
234018	Signet Ring of the Bronze Dragonflight
234019	Signet Ring of the Bronze Dragonflight
234020	Signet Ring of the Bronze Dragonflight
234021	Signet Ring of the Bronze Dragonflight
234022	Signet Ring of the Bronze Dragonflight
234023	Signet Ring of the Bronze Dragonflight
234024	Signet Ring of the Bronze Dragonflight
234025	Signet Ring of the Bronze Dragonflight
234026	Signet Ring of the Bronze Dragonflight
234027	Signet Ring of the Bronze Dragonflight
234028	Signet Ring of the Bronze Dragonflight
234029	Signet Ring of the Bronze Dragonflight
234030	Signet Ring of the Bronze Dragonflight
234031	Signet Ring of the Bronze Dragonflight
234032	Signet Ring of the Bronze Dragonflight
234033	Signet Ring of the Bronze Dragonflight
234034	Signet Ring of the Bronze Dragonflight
234035	Signet Ring of the Bronze Dragonflight
234061	Qiraji Sacrificial Dagger
234062	Vestments of the Shifting Sands
234063	Belt of the Sand Reaver
234064	Belt of the Inquisition
234065	Sand Reaver Wristguards
234066	Toughened Silithid Hide Gloves
234067	Manslayer of the Qiraji
234068	Boots of the Vanguard
234069	Boots of the Qiraji General
234070	Bracers of Qiraji Command
234071	Legplates of the Qiraji Command
234072	Southwind's Grasp
234075	Gauntlets of the Immovable
234076	Talon of Furious Concentration
234077	Thick Silithid Chestguard
234079	Cloak of the Savior
234080	Eye of Moam
234081	Gauntlets of Southwind
234082	Mantle of Maz'Nadir
234083	Ring of Fury
234084	Southwind Helm
234085	Plans: Black Grasp of the Destroyer
234087	Obsidian Scaled Leggings
234088	Legplates of the Destroyer
234089	Buru's Skull Fragment
234091	Slimy Scaled Gauntlets
234092	Fetish of Chitinous Spikes
234093	Quicksand Waders
234094	Scaled Bracers of the Gorger
234095	Slime Kickers
234096	Bow of Taut Sinew
234097	Stinger of Ayamiss
234098	Boots of the Desert Protector
234099	Boots of the Fiery Sands
234100	Helm of Regrowth
234101	Ring of the Desert Winds
234102	Scaled Silithid Gauntlets
234104	Crossbow of Imminent Doom
234105	Gauntlets of New Life
234106	Gloves of Dark Wisdom
234107	Helm of Domination
234108	Leggings of the Black Blizzard
234110	Ossirian's Binding
234111	Runic Stone Shoulders
234112	Sand Polished Hammer
234113	Sandstorm Cloak
234114	Shackles of the Unscarred
234115	Staff of the Ruins
234116	Fury of the Forgotten Swarm
234117	Treads of the Wandering Nomad
234118	Gavel of Qiraji Authority
234119	Antenna of Invigoration
234121	Silithid Husked Launcher
234122	The Lost Kris of Zedd
234123	Coif of Elemental Fury
234124	Handbook of Occult Poison II
234132	Drake Tooth Necklace
234134	Gnomish Turban of Psychic Might
234135	Band of Icy Depths
234137	Fang of Korialstrasz
234141	Runesword of the Red
234142	Bottomless Noggenfogger Elixir
234143	Globe of Deception
234144	Censer of the False Prophet
234145	Blood-Caked Hakkari Bijou
234146	Acid Inscribed Greaves
234148	Dragonbone Wristguards
234149	Dragonspur Wraps
234151	Green Dragonskin Cloak
234152	Hammer of Bestial Fury
234153	Staff of Rampant Growth
234154	Trance Stone
234155	Malfurion's Signet Ring
234157	Circlet of Restless Dreams
234160	Ring of the Unliving
234163	Dark Heart Pants
234168	Mendicant's Slippers
234171	Unnatural Leather Spaulders
234174	Acid Inscribed Pauldrons
234175	Hibernation Crystal
234177	Darkmoon Card: Blue Dragon
234179	Darkmoon Card: Twisting Nether
234198	Signet Ring of the Bronze Dragonflight
234199	Signet Ring of the Bronze Dragonflight
234200	Signet Ring of the Bronze Dragonflight
234201	Signet Ring of the Bronze Dragonflight
234202	Signet Ring of the Bronze Dragonflight
234220	Plans: Razorspike Headcage
234221	Plans: Razorspike Shoulderplates
234223	Plans: Obsidian Reaver
234225	Plans: Obsidian Destroyer
234226	Plans: Obsidian Stormhammer
234235	Pattern: Glowing Chitin Armor Kit
234236	Pattern: Sharpened Chitin Armor Kit
234237	Pattern: Razorbramble Cowl
234238	Pattern: Razorbramble Shoulderpads
234239	Pattern: Razorbramble Leathers
234240	Pattern: Vampiric Cowl
234241	Pattern: Vampiric Shawl
234242	Pattern: Vampiric Robe
234244	Pattern: Qiraji Silk Scarf
234249	Pattern: Qiraji Silk Cape
234250	Pattern: Qiraji Silk Cloak
234251	Pattern: Qiraji Silk Drape
234252	Recipe: Flask of Unyielding Sorrow
234253	Recipe: Flask of Ancient Knowledge
234257	Recipe: Elixir of the Honey Badger
234258	Recipe: Elixir of the Mage-Lord
234259	Recipe: Elixir of the Ironside
234260	Recipe: Elixir of Alacrity
234261	Schematic: Arcane Megabomb
234262	Schematic: The Fumigator
234263	Schematic: Obsidian Bomb
234264	Schematic: G00 DV-1B3 Generator
234265	Schematic: Tuned Force Reactive Disk
234267	Formula: Tear of the Dreamer
234268	Formula: Lodestone of Retaliation
234269	Formula: Enchanted Stopwatch
234270	Formula: Ruby-Encrusted Broach
234271	Formula: Scroll: Wrath of the Swarm
234272	Formula: Enchanted Repellent
234277	Formula: Enchanted Mushroom
234278	Manual: Smelt Obsidian-Infused Thorium Bar
234279	Plans: Obsidian Grinding Stone
234280	Schematic: Obsidian Blasting Powder
234288	Ironvine Belt
234289	Plans: Ironvine Belt
234290	Ironvine Gloves
234291	Plans: Ironvine Gloves
234293	Plans: Ironvine Breastplate
234295	Pattern: Sandstalker Bracers
234297	Pattern: Sandstalker Gauntlets
234298	Sandstalker Breastplate
234299	Pattern: Sandstalker Breastplate
234301	Pattern: Spitfire Bracers
234303	Pattern: Spitfire Gauntlets
234305	Pattern: Spitfire Breastplate
234306	Bramblewood Belt
234307	Pattern: Bramblewood Belt
234308	Bramblewood Boots
234309	Pattern: Bramblewood Boots
234311	Pattern: Bramblewood Helm
234314	Pattern: Sylvan Shoulders
234315	Sylvan Crown
234316	Pattern: Sylvan Crown
234317	Sylvan Vest
234318	Pattern: Sylvan Vest
234319	Heavy Obsidian Belt
234320	Plans: Heavy Obsidian Belt
234321	Light Obsidian Belt
234322	Plans: Light Obsidian Belt
234324	Dreamscale Breastplate
234325	Pattern: Dreamscale Breastplate
234429	Plans: Obsidian Heartseeker
234434	Obsidian Shotgun
234445	Pattern: Bolt of Qiraji Silk
234447	Bubbles' Rod of Transformation
234462	Earthstrike
234463	Wrath of Cenarius
234464	Bubbles' Rod of Bubbles
234467	Bubbles' Rod of Dragons
234469	Idol of Feline Ferocity
234474	Idol of Sidereal Wrath
234478	Totem of Thunderous Strikes
234480	Totem of Pyroclastic Thunder
234542	High Warlord's Greatsword
234543	High Warlord's Battle Axe
234547	High Warlord's Pig Sticker
234548	High Warlord's Pig Poker
234549	High Warlord's War Staff
234550	High Warlord's Spellblade
234551	High Warlord's Battle Mace
234552	High Warlord's Blade
234554	High Warlord's Cleaver
234555	High Warlord's Bludgeon
234556	High Warlord's Razor
234559	High Warlord's Recurve
234560	High Warlord's Crossbow
234561	High Warlord's Street Sweeper
234563	High Warlord's Tome of Destruction
234564	High Warlord's Tome of Mending
234614	Void-Touched Emblem
234650	Ancient Qiraji Ripper
234747	Fist of Cenarius
234748	Deeprock Bracers
234749	Earthcalm Orb
234760	Rockfury Bracers
234761	Might of Cenarius
234779	Grace of Earth
234780	Band of Earthen Might
234782	Earthpower Vest
234785	Gloves of Earthen Power
234786	Band of Earthen Wrath
234788	Earthweave Cloak
234792	Ravenholdt Slicer
234793	Shivsprocket's Shiv
234797	The Thunderwood Poker
234798	Doomulus Prime
234799	Fahrad's Reloading Repeater
234800	Simone's Cultivating Hammer
234801	Amulet of the Fallen God
234802	Cloak of the Fallen God
234803	Ring of the Fallen God
234804	Blessed Qiraji War Axe
234805	Blessed Qiraji Musket
234806	Blessed Qiraji Pugio
234807	Blessed Qiraji Bulwark
234808	Blessed Qiraji Acolyte Staff
234809	Blessed Qiraji Augur Staff
234810	Blessed Qiraji War Hammer
234811	Charm of the Shifting Sands
234812	Amulet of the Shifting Sands
234813	Choker of the Shifting Sands
234814	Pendant of the Shifting Sands
234960	Reins of the Blood-Caked Tiger
234961	Whistle of the Blood-Caked Raptor
234978	Jaw of the Sand Reaver
234980	Huhuran's Stinger
234985	Dark Edge of Insanity
234990	Manslayer of the Qiraji
234991	Bow of Taut Sinew
235006	Dagger of Veiled Shadows
235008	Kris of Unspoken Names
235009	Hammer of the Gathering Storm
235012	Mace of Unending Life
235045	Imperial Qiraji Regalia
235046	Imperial Qiraji Armaments
235048	Head of Ossirian the Unscarred
235049	Nightmare Engulfed Object
235136	Formula: Totem of Pyroclastic Thunder
235137	Formula: Totem of Thunderous Strikes
235140	Formula: Idol of Feline Ferocity
235141	Formula: Idol of Ursin Power
235142	Blood-Caked Silver Coin
235144	Satchel of Blood-Caked Copper Coins
235145	Satchel of Blood-Caked Silver Coins
235275	Portals Deck
235278	Beasts Deck
235474	High Warlord's Barricade
235477	High Warlord's Bonecracker
235478	High Warlord's Shiv
235497	Draught of the Sands
235511	Flawless Yellow Qiraji Resonating Crystal
235512	Flawless Green Qiraji Resonating Crystal
235513	Flawless Blue Qiraji Resonating Crystal
235514	Flawless Red Qiraji Resonating Crystal
235526	Formula: Enchant Bracer - Spell Power
235528	Formula: Enchant Bracer - Agility
235529	Obsidian Scope
235530	Schematic: Obsidian Scope
235786	Karazhan Curio
235787	Ancient Ironwood Branch
235788	Enthusiastic Wisp
235789	Flame of Life
235790	Enchanted Firebrand
235825	Draught of the Sands
235852	Violet Satchel
235867	Scrap of Parchment
235868	Bulwark of Ire
235869	The Master's Cowl
235870	Rattlechain Helm
235871	Clutching Death Helm
235872	Stalker's Bands
235873	Crypt's Keepers
235874	Cultist's Handwraps
235875	Gravedigger's Gloves
235876	Sinner's Handguards
235877	Fanatic's Gauntlets
235878	Malefic Belt
235879	Nimble Links
235880	Pauper Soles
235881	Dreaded Treaders
235882	Clattering Steps
235883	Well Diver's Stumble
235884	Spectral Signet
235885	Ghastly Ring
235886	Kaigy's Clasp
235887	Barian's Choker
235888	Clobberclub
235889	Servant's Quarterstaff
235890	Shadow Weaver's Needle
235891	Ol' Reliable
235892	Darkrider's Spine
235893	Shadowbound Grimoire
235894	Doomsayer's Demise
236002	List of Components
236041	Ring of the Cryptstalker
236042	Cryptstalker Wristguards
236044	Cryptstalker Spaulders
236046	Cryptstalker Headpiece
236047	Cryptstalker Handguards
236048	Cryptstalker Girdle
236049	Cryptstalker Boots
236051	Cryptstalker Belt
236052	Cryptstalker Pauldrons
236053	Cryptstalker Leggings
236054	Cryptstalker Visor
236056	Band of the Cryptstalker
236058	Cryptstalker Breastplate
236097	Robe of Faith
236098	Belt of Faith
236099	Sandals of Faith
236100	Bindings of Faith
236101	Leggings of Faith
236102	Shoulderpads of Faith
236103	Circlet of Faith
236104	Gloves of Faith
236105	Ring of Faith
236106	Wrists of Faith
236109	Pants of Faith
236111	Hands of Faith
236112	Band of Faith
236196	Dreamwalker Hood
236219	Harbinger of Doom
236221	Misplaced Servo Arm
236224	Stygian Buckler
236226	Pauldrons of Elemental Fury
236231	Desecrated Breastplate
236232	Desecrated Waistguard
236233	Desecrated Gauntlets
236234	Desecrated Sabatons
236235	Desecrated Bracers
236236	Desecrated Helmet
236237	Desecrated Pauldrons
236238	Desecrated Legplates
236239	Desecrated Sandals
236240	Desecrated Shoulderpads
236242	Desecrated Robe
236243	Desecrated Gloves
236244	Desecrated Belt
236245	Desecrated Bindings
236246	Desecrated Leggings
236247	Desecrated Wristguards
236249	Desecrated Headpiece
236250	Desecrated Handguards
236251	Desecrated Tunic
236252	Desecrated Girdle
236253	Desecrated Legguards
236254	Desecrated Spaulders
236255	Wristguards of Vengeance
236256	Touch of Frost
236257	Gem of Nerubis
236258	Cryptfiend Silk Cloak
236259	Band of Unanswered Prayers
236262	Polar Shoulder Pads
236263	Widow's Remorse
236265	Wraith Blade
236266	Pendant of Forgotten Names
236268	Kiss of the Spider
236273	Band of the Inevitable
236276	Totem of Flowing Water
236277	Necklace of Necropsy
236278	Glacial Headdress
236279	Preceptor's Hat
236282	Loatheb's Reflection
236283	Ring of Spiritual Fervor
236284	Brimstone Staff
236285	The Eye of Nerub
236286	Band of Unnatural Forces
236287	Severance
236291	Band of Reanimation
236295	Glacial Mantle
236304	Plated Abomination Ribcage
236305	Spire of Twilight
236307	Veil of Eclipse
236312	Iblis, Blade of the Fallen Seraph
236313	The Soul Harvester's Bindings
236314	Boots of Displacement
236315	Polar Helmet
236316	Sadist's Collar
236317	Corrupted Ashbringer
236318	Seal of the Damned
236319	Leggings of Apocalypse
236320	Warmth of Forgiveness
236321	Maul of the Redeemed Crusader
236322	Soulstring
236323	Resilience of the Scourge
236325	Fortitude of the Scourge
236330	Sapphiron's Right Eye
236337	Glyph of Deflection
236339	Gressil, Dawn of Ruin
236340	Might of Menethil
236341	The Hungering Cold
236342	Stormrage's Talisman of Seething
236343	Kingsfall
236344	Nerubian Slavemaker
236345	Gem of Trapped Innocents
236346	Soulseeker
236347	Shield of Condemnation
236348	Hammer of the Twisting Nether
236349	Doomfinger
236350	The Phylactery of Kel'Thuzad
236352	Mark of the Champion
236354	Aspirant's Seal of the Dawn
236355	Initiate's Seal of the Dawn
236364	Highlord's Seal of the Dawn
236384	Initiate's Seal of the Dawn
236385	Aspirant's Seal of the Dawn
236395	Initiate's Seal of the Dawn
236396	Aspirant's Seal of the Dawn
236397	Remnants of Valor
236414	Damaged Undermine Supply Crate
236438	Soul of the Executioner
236439	Soul of the Opportunist
236440	Soul of the Butcher
236441	Soul of the Phantom
236442	Soul of the Scoundrel
236443	Soul of the Thrill Seeker
236453	Soul of the Swashbuckler
236474	Soul of the Misleader
236475	Soul of the Preyseeker
236476	Soul of the Sharpshooter
236477	Soul of the Hazard Harrier
236478	Soul of the Alternator
236479	Soul of the Toxinologist
236480	Soul of the Bounty Hunter
236481	Soul of the Trick Shooter
236483	Soul of the Hound Master
236493	Soul of the Hastened Healer
236494	Soul of the Refined
236495	Soul of the Celebrant
236496	Soul of the Faithful
236497	Soul of the Serendipitous
236498	Soul of the Resonant
236499	Soul of the Devotee
236500	Soul of the Archbishop
236501	Soul of the Penitent
236502	Soul of the Soul Warder
236503	Soul of the Twilight Walker
236504	Soul of the Mind Breaker
236505	Soul of the Deathdealer
236506	Soul of the Spirit Font
236507	Soul of the Zealot
236508	Soul of the Unwavering Defiler
236509	Soul of the Contemnor
236510	Soul of the Plaguebringer
236571	Soul of the Spirithealer
236578	Soul of the Flamebringer
236642	Mender's Handwraps
236643	Nightwatcher's Gloves of Plagues
236644	Mourner's Handguards of Fevers
236645	Lightwielder's Gauntlets
236656	Frozen Rune
236657	Bubbles' Rotting Branch
236658	Bubbles' Spine Trophy
236660	Bubbles' Troll Tusk
236661	Bubbles' Ribcage of Ribaldy
236701	Polar Bracers
236703	Polar Gloves
236707	Tunic of Undead Slaying
236708	Breastplate of Undead Slaying
236709	Chestguard of Undead Slaying
236710	Wristguards of Undead Slaying
236711	Wristwraps of Undead Slaying
236712	Bracers of Undead Slaying
236713	Handwraps of Undead Slaying
236715	Handguards of Undead Slaying
236716	Bracers of Undead Cleansing
236717	Gloves of Undead Cleansing
236718	Robe of Undead Cleansing
236719	Bracers of Undead Purification
236720	Gloves of Undead Purification
236721	Robe of Undead Purification
236722	Bracers of Undead Warding
236723	Gloves of Undead Warding
236724	Robe of Undead Warding
236725	Wristwraps of Undead Cleansing
236726	Handwraps of Undead Cleansing
236727	Tunic of Undead Cleansing
236728	Wristwraps of Undead Purification
236729	Handwraps of Undead Purification
236730	Tunic of Undead Purification
236731	Wristwraps of Undead Warding
236732	Handwraps of Undead Warding
236733	Tunic of Undead Warding
236734	Wristguards of Undead Cleansing
236735	Handguards of Undead Cleansing
236736	Chestguard of Undead Cleansing
236737	Wristguards of Undead Warding
236738	Handguards of Undead Warding
236739	Chestguard of Undead Warding
236740	Wristguards of Undead Purification
236741	Handguards of Undead Purification
236742	Chestguard of Undead Purification
236746	Bracers of Undead Warding
236747	Gauntlets of Undead Warding
236748	Breastplate of Undead Warding
236750	Heart of Doom
236782	Sairuh's Collar
236786	Heart of Doom
236864	Soulfrost Quiver
236871	Creepy Censor Sensors
236872	Schematic: Creepy Censor Sensors
236878	Mysterious Relic
236879	Mysterious Relic
236880	Mysterious Relic
237011	Portcullis Key
237020	Scarlet Insignia
237023	Pop-Up Shrub
237024	Opera Ticket
237037	Haute Club Membership Card
237041	Tome of Enchanted Flare
237143	Orders from the High General
237163	Ancient Hero's Skull
237261	Fine Sand
237263	Supply Bag
237277	Frosty Leggings
237278	The Purifier
237279	Amulet of the Dawn
237280	Medallion of the Dawn
237281	Bracers of Hope
237282	Bracers of Subterfuge
237283	Talisman of Ascendance
237284	Supply Bag
237285	Band of Resolution
237286	Band of Piety
237287	Verimonde's Last Resort
237288	Sanctified Leather Helm
237289	Leggings of the Plague Hunter
237290	Icebane Leggings
237291	Glacial Leggings
237292	Polar Leggings
237293	Icy Scale Leggings
237381	Desecrated Ring
237386	Wartorn Undermine Supply Crate
237773	Word of Thawing
237810	Weighted Consecrated Sharpening Stone
238234	Blessed Wizard Oil
238241	Consecrated Sharpening Stone
238267	Scarlet Augur's Cuffs
238268	Scarlet Augur's Mitts
238269	Scarlet Augur's Strap
238270	Scarlet Augur's Leggings
238271	Scarlet Augur's Soles
238272	Scarlet Infiltrator's Bandana
238273	Scarlet Infiltrator's Shoulderpads
238274	Scarlet Infiltrator's Vest
238275	Scarlet Infiltrator's Bracers
238276	Scarlet Infiltrator's Gloves
238277	Scarlet Infiltrator's Belt
238278	Scarlet Infiltrator's Trousers
238279	Scarlet Infiltrator's Shoes
238280	Scarlet Huntsman's Coif
238281	Scarlet Huntsman's Pauldrons
238282	Scarlet Huntsman's Chain
238283	Scarlet Huntsman's Wristguards
238284	Scarlet Huntsman's Handguards
238285	Scarlet Huntsman's Clasp
238286	Scarlet Huntsman's Legguards
238287	Scarlet Huntsman's Boots
238291	Scarlet Soldier's Protectors
238292	Scarlet Soldier's Grips
238293	Scarlet Soldier's Waistguard
238294	Scarlet Soldier's Legplates
238295	Scarlet Soldier's Stompers
238301	Pattern: Scarlet Augur's Cuffs
238302	Pattern: Scarlet Augur's Mitts
238303	Pattern: Scarlet Augur's Strap
238304	Pattern: Scarlet Augur's Leggings
238305	Pattern: Scarlet Augur's Soles
238308	Pattern: Scarlet Infiltrator's Vest
238309	Pattern: Scarlet Infiltrator's Bracers
238310	Pattern: Scarlet Infiltrator's Gloves
238311	Pattern: Scarlet Infiltrator's Belt
238312	Pattern: Scarlet Infiltrator's Trousers
238313	Pattern: Scarlet Infiltrator's Shoes
238315	Pattern: Scarlet Huntsman's Pauldrons
238316	Pattern: Scarlet Huntsman's Chain
238317	Pattern: Scarlet Huntsman's Wristguards
238318	Pattern: Scarlet Huntsman's Handguards
238319	Pattern: Scarlet Huntsman's Clasp
238320	Pattern: Scarlet Huntsman's Legguards
238321	Pattern: Scarlet Huntsman's Boots
238324	Plans: Scarlet Soldier's Chestplate
238325	Plans: Scarlet Soldier's Protectors
238326	Plans: Scarlet Soldier's Grips
238327	Plans: Scarlet Soldier's Waistguard
238328	Plans: Scarlet Soldier's Legplates
238329	Plans: Scarlet Soldier's Stompers
238355	Chains of the Lich
238356	Waistband of Balzaphon
238357	Staff of Balzaphon
238358	Blackwood's Thigh
238361	Lord Blackwood's Blade
238637	Prowler Steak
238638	Filet o' Flank
238639	Sunrise Omelette
238641	Specklefin Feast
238642	Grand Lobster Banquet
238645	Recipe: Prowler Steak
238646	Recipe: Filet o' Flank
238647	Recipe: Sunrise Omelette
238681	Dusty Bag
238734	Tinkerbox: Teleport
238736	Tinkerbox: Magnetic Displacement
238737	Tinkerbox
238782	Schematic: Tinkerbox
238783	Schematic: Tinkerbox: Teleport
238784	Schematic: Tinkerbox: Nitro Boosts
238785	Schematic: Tinkerbox: Magnetic Displacement
238789	Schematic: Semisafe Transporter: New Avalon
238794	Unappetizing Leftovers
238811	Juicy Apple
238830	Apple Scope
238831	Apple Rope
238899	Assorted Fish
238925	Scarlet Quiver
238926	Scarlet Ammo Pouch
238927	Pattern: Scarlet Quiver
238928	Pattern: Scarlet Ammo Pouch
238935	Gently Plagued Meat
238960	Quartermaster's Crate
238985	Heavy Crate
239016	Holy Salts
239017	Exquisite Spices
239021	Carrie's Cookbook
239092	Preposterously Prosed Postage
239117	Crusader's Chalice
239119	Holy Arrow
239148	Crimson Dawnwoven Bag
239196	Ruined Lightforged Blade
239215	Charred Emblem
239216	Lightforged Iron
239222	Schematic: Pop-Up Shrub
239223	House Prop
239246	Fizzlefuse's Shopping List
239248	Scarlet Junkbox
239302	Scarlet Uniform Belt
239316	Triangulation Samophlange
239534	Dawnstalker Pauldrons
239537	Dawnstalker Boots
239538	Dawnstalker Girdle
239539	Dawnstalker Handguards
239540	Dawnstalker Headpiece
239542	Dawnstalker Spaulders
239543	Dawnstalker Tunic
239544	Dawnstalker Wristguards
239695	Scarlet Steed
239698	Dawnwoven Fabric
239706	Consecrated Sabatons
239707	Consecrated Helmet
239708	Consecrated Pauldrons
239709	Consecrated Legplates
239710	Consecrated Sandals
239714	Consecrated Circlet
239716	Consecrated Gloves
239718	Consecrated Belt
239719	Consecrated Bindings
239721	Consecrated Leggings
239722	Consecrated Wristguards
239726	Consecrated Boots
239729	Consecrated Headpiece
239731	Consecrated Tunic
239756	Consecrated Girdle
239757	Consecrated Legguards
239760	Consecrated Waistguard
239761	Consecrated Breastplate
239762	Consecrated Gauntlets
240018	Fizzlefuse's Tinker Manual
240020	Inquisition Legguards
240026	Inquisition Leggings
240060	Waywatcher Wraps
240061	Waywatcher Sash
240063	Waywatcher Trousers
240070	Waywatcher Mantle
240071	Waywatcher Kilt
240079	Waywatcher Leggings
240085	Waywatcher Girdle
240086	Waywatcher Spaulders
240087	Waywatcher Legguards
240088	Waywatcher Headpiece
240105	Soulcrusher Legplates
240124	Soulcrusher Kilt
240839	Thal'kituun, the Unseen Guest
240842	Scarlet Rotbringer
240843	Starter's Pistol
240845	Prototype Magnet
240846	Magnetic Scrap
240853	Queensfall
240920	Leogan
240921	Scarlet Smashbringer
240922	Deception
240925	Experiment-800M
240945	Slice of Carrie's Apple Pie
241002	Remnants of the Red
241017	Demon's Folly
241018	Nathrezim Heart
241028	Nathrezim Loop
241029	Baelin's Band
241031	Barthalomew's Promise
241037	Abandoned Experiment
241068	Stiltz's Standard
241071	Talisman of the Scarlet Scoundrel
241073	Touch of Light
241074	Helm of the Red Crusade
241128	Pile of Portiporters
241154	Bearskin Mantle
241163	Sunblaze Bracers
241167	Prisoner Shackles
241169	Prototype Nitro Boosts
241170	Enclave Protectors
241171	Gloves of Departed Souls
241173	High Wizard Wrap
241176	Diesalven's Demise
241181	Dawnworn Chain Leggings
241184	Savior Sandals
241186	Polished Scarlet Mail Boots
241241	Lucky Doubloon
241629	Scarlet Cannonball
241650	Major Discolored Healing Potion
241651	Recipe: Major Discolored Healing Potion
241652	Discolored Beast Heart
241655	Mishandled Healing Potion
242224	Basket of Hearts
242257	Mysterious Alchemical Sample
242258	Research Notes
242266	World of Wardcraft
242268	If You Give a Crusader an Enchant
242310	Hand of Reborn Justice
242311	Leonid's Charm
242312	Barthalomew Family Seal
242313	Journal of the Revered
242319	New Plague Samples
242320	New Plague Samples
242363	Who, What, Where, When, and Die! Five Keys to a Good Inquisition
242365	Wing of Balnazzar
242465	Jostled Chalice Fragment
243065	Broken Wand
243177	Ingenious Toy
243198	Poultry Precision Scope
243229	Hearthstone of the Dawn
