196	Eagan Peltskinner
2671	Mechanical Squirrel
2673	Target Dummy
2674	Advanced Target Dummy
7376	Sky Shadow
7379	Deadwind Ogre Mage
7380	Siamese
7383	Black Tabby
7392	Prairie Chicken
7394	Ancona Chicken
7543	Dark Whelpling
7544	Crimson Whelpling
7545	Emerald Whelpling
7863	Dream Vision
8376	Mechanical Chicken
10980	Umi's Mechanical Yeti
11200	Summoned Skeleton
11636	Servant of Weldon Barov
11637	Servant of Alexi Barov
12378	Damned Soul
12379	Unliving Caretaker
12380	Unliving Resident
12381	Ley Sprite
12382	Mana Sprite
12419	Lifelike Toad
14421	Brown Prairie Dog
14465	Alliance Battle Standard
14466	Horde Battle Standard
14751	Frostwolf Battle Standard
15429	Disgusting Oozeling
15699	Tranquil Mechanical Yeti
15720	Timbermaw Ancestor
16085	Peddlefeet
184208	Soul Fragment
202387	Eye of the Void
202390	Homunculus
202391	Homunculus
202392	Homunculus
204346	Treant
205733	Blackfathom Pearl
208841	Revered Champion
211952	Omni Diffusion Armor
211953	Bulky Protective Ironweave
211954	Electrostatic Discharge Shielding
211955	Auxiliary Anti-Tamper Mechanism
212157	Decoy Totem
212252	Harvest Golem V000-A
212674	Death's Head Shaman
213450	Krenvazin
222231	Serpent Totem
222240	Serpent Totem
222293	Dream Portal
223739	Unknown
226797	Prazik Pilfershard
226799	Pixi Pilfershard
226922	Zilbagob
226923	Grimroot
226982	Frijidar
227019	Diathorus the Seeker
227028	Hellscream's Phantom
227140	Pyranis
227385	Novice Frost Mage
227386	Novice Frost Mage
227387	Novice Frost Mage
227464	Broladin's Squire
227493	Unknown
227511	Pedestal
227673	Louiseras-WildGrowth's Squire
227674	Sarevock's Squire
227746	Escaped Core Hound
227819	Duke Hydraxis
227853	Pix Xizzix
227938	Zotl
227939	The Molten Core
227996	Sebastian Jurgens
228022	The Destructor's Wraith
228142	D.E.L.T.A Techbot
228176	Banteazo
228216	Numi
228429	Lucifron
228430	Magmadar
228431	Gehennas
228432	Garr
228433	Baron Geddon
228434	Shazzrah
228435	Golemagg the Incinerator
228436	Sulfuron Harbinger
228437	Majordomo Executus
228438	Ragnaros
228441	Flamewaker Protector
228595	Vengeful Wisp
228596	Vengeful Wisp
228609	Sulfuron Smuggler
228610	Blackrock Bootlegger
228611	Wandering Swordsman
228620	Slack-Jawed Ghoul
228718	Firelands Invader
228719	Firelands Drudge
228720	Duke Searbrand
228721	Lieutenant Skarresh
228722	Infernus Siege Giant
228723	Obsidian Reaver
228724	Obsidian Surger
228725	Firesworn
228726	Flamebringer Elementalist
228727	Flamebringer Defender
228728	Flamebringer Kelris
228729	Duke Tectonis
228731	Unknown
228747	Flamebringer Stalker
228748	Poisoned Sapling
228771	Electromantic Resonance Transducer
228814	Arcterris
228816	Primal Flame Elemental
228818	Shrine of Cooperation
228820	Hydraxian Firefighter
228833	Flamewaker
228834	Firesworn
228835	Core Rager
228836	Flamewaker Elite
228837	Flamewaker Healer
228838	Flamewaker Priest
228906	Mannoroc Lasher
228907	Core Hound
228908	Mannoroc Felguard
228909	Legion Hound
228910	Hulking Infernal
228911	Searing Infernal
228912	Severed Dreamer
228913	Severed Druid
228914	Severed Keeper
228915	Severed Sleeper
228916	Mannoroc Satyr
228918	Mannoroc Shadowstalker
228919	Mannoroc Hellcaller
228928	Maethra Slagheart
228929	Baj'ura
228930	Syrnoya
228931	Father Lazarus
228932	Divine Apprehension
228944	Electromantic Resonance Transducer
228970	Galenges
228976	Altruist Ward
229001	Core Hound
229016	Orthas
229018	Rotting Dwarf Corpse
229057	Core Rager
229061	Thorium Brotherhood Lookout
229156	Air Elemental Fragment
229202	Unknown
229425	Zotl
229452	Crimson Cannon
229732	Unknown
229802	Poisoned Sapling
229840	Hydraxian Firefighter
229984	Unknown
230302	Lord Kazzak
230317	Mokvar
230347	Dreadlord
230348	Doomguard Commander
230349	Felguard Elite
230513	Siopi
230566	Kor'kron Elite
230695	Servant of Flame and Scale
230949	Hydraxian Firefighter
231178	Duke Hydraxis
231494	Prince Thunderaan
231678	(DNT) Invisible Stalker
231711	Victor Nefriendius
231800	(DNT) Invisible Stalker
231858	Storm Mender
231868	Cyclone Imperator
231871	Living Storm
231872	Thundering Rager
231887	Vale Tempest
231980	Shadra
231982	Hethiss
231984	Silithid Darter
231990	Bethekk
231991	Shirvallah
231992	Hir'eek
232103	Black Whelp
232104	Bronze Whelp
232105	Red Whelp
232107	Blue Whelp
232109	Green Whelp
232190	Spawn of Shadra
232309	Highlord Demitrian
232335	Enslaved Spawn of Mar'li
232380	Weaver
232381	Valxx Cracklequil
232467	Spawn of Mar'li
232529	Nandieb
232568	Daughter of Nandieb
232587	Nefarian
232628	Faerie Lamp
232630	Son of Nandieb
232634	Parasitic Serpent
232670	Majordomo Executus
232694	Storm Mender
232741	Silithid Darter
232802	Doan Karhan
232903	Shadowmage
232921	Spawn of Shadra
232930	Force of Nature
232931	Poisoned Sprig
232936	Sprig of Growth
232937	Sprig of Restoration
232938	Sprig of Healing
233428	Rune Broker
234193	Gilded Scarab
234539	Selestrasza
234542	Twilight Qiraji Battle Tank
234543	Orange Qiraji Battle Tank
234544	Light Green Qiraji Battle Tank
234545	Light Blue Qiraji Battle Tank
234546	Dark Blue Qiraji Battle Tank
234577	Ancient of War
234752	Visions of the Qiraji Prophets
234762	Qiraji Mindslayer
234798	Qiraji Champion
234800	Qiraji Slayer
234814	Qiraji Warlord
234830	Anubisath Defender
234880	Unknown
234954	Alliance Druid
234961	Alliance Hunter
234963	Alliance Mage
234969	Alliance Paladin
234973	Alliance Priest
234987	Alliance Rogue
234990	Alliance Warlock
234996	Alliance Warrior
235164	G00 DV-1B3 Generator
235180	Lethon
235197	Taerar
235207	Unyielding Shade of Taerar
235208	Unknown
235209	Corrosive Shade of Taerar
235232	Ysondre
235251	Bubbles
235291	Vanquished Tentacle
236007	Spirit Shade
236008	Unknown
236077	Eye Tentacle
236811	Unknown
236979	Floating Firebrand
237328	Dialogues of the Dead
237434	(DNT) Kharon Stalker
237439	Kharon
237460	Furious Firebrand
237657	Unknown
237773	Caldoran
237818	Harrison Jones
237819	Injured Adventurer
237820	Deceased Adventurer
237964	Harbinger of Sin
237969	Subjugated Spinners
238024	Creeping Malison
238055	Dark Rider
238191	Risen Warrior
238192	Risen Warder
238193	Risen Protector
238200	Crypt Ghoul
238206	Diseased Ghoul
238208	Ragged Ghoul
238213	Sairuh Maryla
238233	Kaigy Maryla
238234	Barian Maryla
238252	Trapped Soul
238261	Argent Guard
238270	Encrypted Text
238286	Scarlet Crusader
238292	Formula: Enchant Off-hand - Superior Intellect
238303	Formula: Enchant Off-hand - Excellent Spirit
238304	Formula: Enchant Off-hand - Wisdom
238305	Formula: Enchant 2H Weapon - Spellblasting
238306	Formula: Enchant Shield - Excellent Stamina
238307	Formula: Enchant Shield - Critical Strike
238308	Formula: Enchant Bracer - Greater Spellpower
238309	Formula: Enchant Gloves - Superior Strength
238310	Formula: Enchant Cloak - Agility
238376	Brother Luctus
238382	Kug Softjaw
238415	Grok'lo Mok'lo
238416	Geenkle
238417	Beengis
238418	Jank
238419	Gold Rustboot
238420	Weeshald Rustboot
238421	Fimick Buzzkettle
238422	Hans
238423	Greta
238424	Grandma Finette
238425	Annie
238426	Steele
238427	Flora
238428	Trizivast
238431	Enthusiastic Wisp
238432	Scarlet Clothier
238433	Beatrix
238434	Scarlet Strategist
238435	Scarlet Tactician
238436	Argent Guard
238437	Argent Medic
238438	Argent Medic
238440	Injured Soldier
238441	Injured Soldier
238442	Scarlet Medic
238443	Firae
238452	Argent Guard
238453	Scarlet Crusader
238454	Argent Guard
238455	Argent Guard
238456	Injured Soldier
238457	Scarlet Crusader
238458	Scarlet Crusader
238459	"Tableknife" Finkelbat
238460	Alfwhit Grigdert
238461	Wis
238477	Edgar
238499	Dark Rider
238508	Abandoned Acolyte
238509	Lost Neophyte
238511	The Gravekeeper
238527	Mangled Cadaver
238528	Ragged Ghoul
238556	Cursed Spiderling
238559	Crypt Dweller
238560	The Warden
238561	Crypt Terror
238562	Bone Witch
238563	Crypt Soldier
238628	Broodwidow
238629	Deep Stalker
238630	Skeleton
238638	Echo of the Baroness
238639	Wailing Banshee
238640	Shrieking Banshee
238641	Karazhan Shadowcaster
238642	Lost Necromancer
238643	Forgotten Denizen
238644	Unrepentant Criminal
238645	Unrepentant Sorcerer
238646	Unrepentant Conjuror
238647	Failed Novice
238650	Forgotten Student
238656	Crypt Dweller
238657	Crypt Dweller
238678	Unk'omon
238679	Fallen Praetorian
238680	Mysterious Eidolon
238681	Mysterious Eidolon
238682	Mysterious Eidolon
238734	Treasure Chest
238766	Withering Iris
238767	Immense Rock
239328	Burning Ghoul
239329	Tortured Student
239334	Deadwind Steed
239363	Shadowy Firebrand
239365	Blighted Apparition
239382	Diseased Corpse
240352	Mana Elemental
